timestamp,change,NI,EI,SI,WI,NO,EO,SO,WO,N_TL,E_TL,S_TL,W_TL
201.0,0.0,0.01736111111111111,0.005787037037037037,0.03472222222222222,0.011574074074074073,0.023364485981308414,0.0,0.07009345794392524,0.0,0.0,0.0,1.0,0.0
204.0,1.0,0.023148148148148147,0.005787037037037037,0.028935185185185182,0.011574074074074073,0.0,0.023364485981308414,0.04672897196261683,0.0,1.0,0.0,0.0,0.0
207.0,0.0,0.023148148148148147,0.011574074074074073,0.028935185185185182,0.011574074074074073,0.0,0.023364485981308414,0.023364485981308414,0.0,1.0,0.0,0.0,0.0
210.0,0.0,0.01736111111111111,0.011574074074074073,0.028935185185185182,0.011574074074074073,0.023364485981308414,0.023364485981308414,0.0,0.023364485981308414,1.0,0.0,0.0,0.0
213.0,0.0,0.01736111111111111,0.011574074074074073,0.028935185185185182,0.01736111111111111,0.023364485981308414,0.0,0.023364485981308414,0.023364485981308414,1.0,0.0,0.0,0.0
216.0,1.0,0.011574074074074073,0.011574074074074073,0.028935185185185182,0.01736111111111111,0.0,0.0,0.023364485981308414,0.023364485981308414,0.0,0.0,1.0,0.0
219.0,0.0,0.01736111111111111,0.011574074074074073,0.023148148148148147,0.01736111111111111,0.0,0.0,0.023364485981308414,0.0,0.0,0.0,1.0,0.0
222.0,0.0,0.01736111111111111,0.011574074074074073,0.023148148148148147,0.01736111111111111,0.0,0.0,0.0,0.0,0.0,0.0,1.0,0.0
225.0,0.0,0.023148148148148147,0.011574074074074073,0.01736111111111111,0.01736111111111111,0.0,0.023364485981308414,0.0,0.023364485981308414,0.0,0.0,1.0,0.0
228.0,1.0,0.023148148148148147,0.011574074074074073,0.011574074074074073,0.01736111111111111,0.0,0.023364485981308414,0.0,0.023364485981308414,0.0,0.0,0.0,1.0
231.0,0.0,0.023148148148148147,0.011574074074074073,0.011574074074074073,0.011574074074074073,0.0,0.023364485981308414,0.0,0.04672897196261683,0.0,0.0,0.0,1.0
234.0,0.0,0.028935185185185182,0.011574074074074073,0.011574074074074073,0.005787037037037037,0.0,0.023364485981308414,0.0,0.04672897196261683,0.0,0.0,0.0,1.0
237.0,0.0,0.028935185185185182,0.011574074074074073,0.011574074074074073,0.005787037037037037,0.0,0.04672897196261683,0.023364485981308414,0.04672897196261683,0.0,0.0,0.0,1.0
240.0,1.0,0.028935185185185182,0.011574074074074073,0.011574074074074073,0.005787037037037037,0.023364485981308414,0.04672897196261683,0.023364485981308414,0.04672897196261683,0.0,1.0,0.0,0.0
243.0,0.0,0.03472222222222222,0.011574074074074073,0.011574074074074073,0.005787037037037037,0.023364485981308414,0.04672897196261683,0.0,0.04672897196261683,0.0,1.0,0.0,0.0
246.0,0.0,0.03472222222222222,0.011574074074074073,0.011574074074074073,0.005787037037037037,0.0,0.04672897196261683,0.0,0.04672897196261683,0.0,1.0,0.0,0.0
249.0,0.0,0.03472222222222222,0.005787037037037037,0.011574074074074073,0.005787037037037037,0.0,0.04672897196261683,0.023364485981308414,0.04672897196261683,0.0,1.0,0.0,0.0
252.0,1.0,0.03472222222222222,0.005787037037037037,0.011574074074074073,0.005787037037037037,0.0,0.04672897196261683,0.04672897196261683,0.04672897196261683,1.0,0.0,0.0,0.0
255.0,0.0,0.028935185185185182,0.005787037037037037,0.011574074074074073,0.005787037037037037,0.0,0.04672897196261683,0.04672897196261683,0.04672897196261683,1.0,0.0,0.0,0.0
258.0,0.0,0.028935185185185182,0.005787037037037037,0.011574074074074073,0.011574074074074073,0.0,0.04672897196261683,0.04672897196261683,0.04672897196261683,1.0,0.0,0.0,0.0
261.0,0.0,0.023148148148148147,0.005787037037037037,0.011574074074074073,0.011574074074074073,0.0,0.04672897196261683,0.07009345794392524,0.07009345794392524,1.0,0.0,0.0,0.0
264.0,1.0,0.01736111111111111,0.011574074074074073,0.011574074074074073,0.01736111111111111,0.0,0.04672897196261683,0.09345794392523366,0.07009345794392524,0.0,0.0,1.0,0.0
267.0,0.0,0.01736111111111111,0.011574074074074073,0.011574074074074073,0.01736111111111111,0.0,0.04672897196261683,0.09345794392523366,0.07009345794392524,0.0,0.0,1.0,0.0
270.0,0.0,0.01736111111111111,0.011574074074074073,0.005787037037037037,0.01736111111111111,0.0,0.04672897196261683,0.09345794392523366,0.07009345794392524,0.0,0.0,1.0,0.0
273.0,0.0,0.01736111111111111,0.011574074074074073,0.005787037037037037,0.01736111111111111,0.023364485981308414,0.07009345794392524,0.09345794392523366,0.07009345794392524,0.0,0.0,1.0,0.0
276.0,1.0,0.01736111111111111,0.011574074074074073,0.005787037037037037,0.01736111111111111,0.023364485981308414,0.07009345794392524,0.09345794392523366,0.07009345794392524,1.0,0.0,0.0,0.0
279.0,0.0,0.011574074074074073,0.011574074074074073,0.005787037037037037,0.01736111111111111,0.023364485981308414,0.07009345794392524,0.09345794392523366,0.07009345794392524,1.0,0.0,0.0,0.0
282.0,0.0,0.011574074074074073,0.011574074074074073,0.005787037037037037,0.01736111111111111,0.023364485981308414,0.07009345794392524,0.09345794392523366,0.07009345794392524,1.0,0.0,0.0,0.0
285.0,0.0,0.005787037037037037,0.011574074074074073,0.005787037037037037,0.01736111111111111,0.023364485981308414,0.09345794392523366,0.09345794392523366,0.07009345794392524,1.0,0.0,0.0,0.0
288.0,1.0,0.0,0.011574074074074073,0.011574074074074073,0.01736111111111111,0.023364485981308414,0.09345794392523366,0.11682242990654207,0.09345794392523366,0.0,0.0,0.0,1.0
291.0,0.0,0.0,0.011574074074074073,0.011574074074074073,0.011574074074074073,0.023364485981308414,0.09345794392523366,0.11682242990654207,0.09345794392523366,0.0,0.0,0.0,1.0
294.0,0.0,0.0,0.011574074074074073,0.011574074074074073,0.011574074074074073,0.023364485981308414,0.09345794392523366,0.11682242990654207,0.09345794392523366,0.0,0.0,0.0,1.0
297.0,0.0,0.005787037037037037,0.011574074074074073,0.011574074074074073,0.011574074074074073,0.04672897196261683,0.09345794392523366,0.11682242990654207,0.09345794392523366,0.0,0.0,0.0,1.0
300.0,1.0,0.005787037037037037,0.011574074074074073,0.011574074074074073,0.011574074074074073,0.04672897196261683,0.09345794392523366,0.11682242990654207,0.09345794392523366,0.0,1.0,0.0,0.0
303.0,0.0,0.005787037037037037,0.011574074074074073,0.01736111111111111,0.011574074074074073,0.023364485981308414,0.07009345794392524,0.09345794392523366,0.07009345794392524,0.0,1.0,0.0,0.0
306.0,0.0,0.005787037037037037,0.011574074074074073,0.023148148148148147,0.011574074074074073,0.023364485981308414,0.07009345794392524,0.09345794392523366,0.07009345794392524,0.0,1.0,0.0,0.0
309.0,0.0,0.005787037037037037,0.011574074074074073,0.023148148148148147,0.011574074074074073,0.0,0.04672897196261683,0.07009345794392524,0.04672897196261683,0.0,1.0,0.0,0.0
312.0,1.0,0.005787037037037037,0.011574074074074073,0.028935185185185182,0.011574074074074073,0.0,0.023364485981308414,0.04672897196261683,0.023364485981308414,0.0,0.0,1.0,0.0
315.0,0.0,0.005787037037037037,0.011574074074074073,0.023148148148148147,0.011574074074074073,0.0,0.0,0.04672897196261683,0.0,0.0,0.0,1.0,0.0
318.0,0.0,0.011574074074074073,0.011574074074074073,0.023148148148148147,0.011574074074074073,0.0,0.0,0.023364485981308414,0.0,0.0,0.0,1.0,0.0
321.0,0.0,0.011574074074074073,0.011574074074074073,0.01736111111111111,0.011574074074074073,0.0,0.023364485981308414,0.0,0.023364485981308414,0.0,0.0,1.0,0.0
324.0,1.0,0.011574074074074073,0.011574074074074073,0.023148148148148147,0.011574074074074073,0.0,0.023364485981308414,0.0,0.023364485981308414,0.0,0.0,0.0,1.0
327.0,0.0,0.011574074074074073,0.011574074074074073,0.023148148148148147,0.005787037037037037,0.0,0.023364485981308414,0.0,0.0,0.0,0.0,0.0,1.0
330.0,0.0,0.011574074074074073,0.011574074074074073,0.028935185185185182,0.0,0.0,0.0,0.023364485981308414,0.0,0.0,0.0,0.0,1.0
333.0,0.0,0.011574074074074073,0.011574074074074073,0.028935185185185182,0.0,0.0,0.0,0.04672897196261683,0.0,0.0,0.0,0.0,1.0
336.0,1.0,0.011574074074074073,0.011574074074074073,0.028935185185185182,0.0,0.0,0.0,0.04672897196261683,0.0,0.0,1.0,0.0,0.0
339.0,0.0,0.011574074074074073,0.005787037037037037,0.03472222222222222,0.0,0.0,0.0,0.0,0.0,0.0,1.0,0.0,0.0
342.0,0.0,0.011574074074074073,0.005787037037037037,0.03472222222222222,0.0,0.0,0.0,0.0,0.0,0.0,1.0,0.0,0.0
345.0,0.0,0.011574074074074073,0.0,0.03472222222222222,0.0,0.023364485981308414,0.0,0.023364485981308414,0.0,0.0,1.0,0.0,0.0
348.0,1.0,0.011574074074074073,0.0,0.03472222222222222,0.0,0.023364485981308414,0.0,0.023364485981308414,0.0,0.0,0.0,1.0,0.0
351.0,0.0,0.011574074074074073,0.005787037037037037,0.028935185185185182,0.0,0.023364485981308414,0.0,0.0,0.0,0.0,0.0,1.0,0.0
354.0,0.0,0.011574074074074073,0.005787037037037037,0.023148148148148147,0.0,0.023364485981308414,0.0,0.0,0.0,0.0,0.0,1.0,0.0
357.0,0.0,0.011574074074074073,0.011574074074074073,0.023148148148148147,0.0,0.023364485981308414,0.0,0.0,0.023364485981308414,0.0,0.0,1.0,0.0
360.0,1.0,0.011574074074074073,0.01736111111111111,0.01736111111111111,0.0,0.023364485981308414,0.0,0.0,0.04672897196261683,1.0,0.0,0.0,0.0
363.0,0.0,0.005787037037037037,0.01736111111111111,0.01736111111111111,0.0,0.04672897196261683,0.0,0.0,0.023364485981308414,1.0,0.0,0.0,0.0
366.0,0.0,0.005787037037037037,0.023148148148148147,0.023148148148148147,0.0,0.04672897196261683,0.0,0.0,0.023364485981308414,1.0,0.0,0.0,0.0
369.0,0.0,0.005787037037037037,0.023148148148148147,0.023148148148148147,0.0,0.04672897196261683,0.0,0.0,0.04672897196261683,1.0,0.0,0.0,0.0
372.0,1.0,0.005787037037037037,0.028935185185185182,0.023148148148148147,0.0,0.04672897196261683,0.0,0.0,0.04672897196261683,0.0,0.0,1.0,0.0
375.0,0.0,0.011574074074074073,0.028935185185185182,0.01736111111111111,0.0,0.04672897196261683,0.0,0.0,0.023364485981308414,0.0,0.0,1.0,0.0
378.0,0.0,0.011574074074074073,0.03472222222222222,0.011574074074074073,0.005787037037037037,0.04672897196261683,0.023364485981308414,0.0,0.0,0.0,0.0,1.0,0.0
381.0,0.0,0.011574074074074073,0.04050925925925926,0.011574074074074073,0.005787037037037037,0.04672897196261683,0.023364485981308414,0.0,0.0,0.0,0.0,1.0,0.0
384.0,1.0,0.01736111111111111,0.04050925925925926,0.005787037037037037,0.005787037037037037,0.07009345794392524,0.023364485981308414,0.0,0.0,0.0,1.0,0.0,0.0
387.0,0.0,0.01736111111111111,0.03472222222222222,0.005787037037037037,0.005787037037037037,0.07009345794392524,0.023364485981308414,0.0,0.023364485981308414,0.0,1.0,0.0,0.0
390.0,0.0,0.01736111111111111,0.03472222222222222,0.005787037037037037,0.005787037037037037,0.07009345794392524,0.023364485981308414,0.0,0.023364485981308414,0.0,1.0,0.0,0.0
393.0,0.0,0.01736111111111111,0.028935185185185182,0.005787037037037037,0.005787037037037037,0.09345794392523366,0.023364485981308414,0.0,0.04672897196261683,0.0,1.0,0.0,0.0
396.0,1.0,0.023148148148148147,0.023148148148148147,0.005787037037037037,0.005787037037037037,0.09345794392523366,0.023364485981308414,0.0,0.04672897196261683,1.0,0.0,0.0,0.0
399.0,0.0,0.01736111111111111,0.023148148148148147,0.005787037037037037,0.005787037037037037,0.09345794392523366,0.023364485981308414,0.023364485981308414,0.04672897196261683,1.0,0.0,0.0,0.0
402.0,0.0,0.011574074074074073,0.023148148148148147,0.005787037037037037,0.005787037037037037,0.07009345794392524,0.023364485981308414,0.023364485981308414,0.04672897196261683,1.0,0.0,0.0,0.0
405.0,0.0,0.011574074074074073,0.023148148148148147,0.005787037037037037,0.005787037037037037,0.07009345794392524,0.023364485981308414,0.023364485981308414,0.07009345794392524,1.0,0.0,0.0,0.0
408.0,1.0,0.005787037037037037,0.023148148148148147,0.011574074074074073,0.011574074074074073,0.04672897196261683,0.023364485981308414,0.04672897196261683,0.07009345794392524,0.0,1.0,0.0,0.0
411.0,0.0,0.005787037037037037,0.01736111111111111,0.011574074074074073,0.011574074074074073,0.023364485981308414,0.023364485981308414,0.023364485981308414,0.07009345794392524,0.0,1.0,0.0,0.0
414.0,0.0,0.005787037037037037,0.023148148148148147,0.011574074074074073,0.011574074074074073,0.023364485981308414,0.023364485981308414,0.0,0.07009345794392524,0.0,1.0,0.0,0.0
417.0,0.0,0.005787037037037037,0.01736111111111111,0.01736111111111111,0.011574074074074073,0.023364485981308414,0.023364485981308414,0.0,0.07009345794392524,0.0,1.0,0.0,0.0
420.0,1.0,0.005787037037037037,0.011574074074074073,0.01736111111111111,0.011574074074074073,0.023364485981308414,0.023364485981308414,0.023364485981308414,0.07009345794392524,0.0,0.0,0.0,1.0
423.0,0.0,0.011574074074074073,0.011574074074074073,0.023148148148148147,0.005787037037037037,0.0,0.023364485981308414,0.023364485981308414,0.09345794392523366,0.0,0.0,0.0,1.0
426.0,0.0,0.011574074074074073,0.011574074074074073,0.023148148148148147,0.005787037037037037,0.0,0.023364485981308414,0.023364485981308414,0.09345794392523366,0.0,0.0,0.0,1.0
429.0,0.0,0.01736111111111111,0.011574074074074073,0.028935185185185182,0.005787037037037037,0.0,0.023364485981308414,0.023364485981308414,0.09345794392523366,0.0,0.0,0.0,1.0
432.0,1.0,0.023148148148148147,0.011574074074074073,0.028935185185185182,0.005787037037037037,0.023364485981308414,0.023364485981308414,0.023364485981308414,0.09345794392523366,1.0,0.0,0.0,0.0
435.0,0.0,0.01736111111111111,0.011574074074074073,0.028935185185185182,0.005787037037037037,0.023364485981308414,0.023364485981308414,0.0,0.09345794392523366,1.0,0.0,0.0,0.0
438.0,0.0,0.01736111111111111,0.011574074074074073,0.028935185185185182,0.005787037037037037,0.0,0.023364485981308414,0.0,0.09345794392523366,1.0,0.0,0.0,0.0
441.0,0.0,0.01736111111111111,0.011574074074074073,0.028935185185185182,0.005787037037037037,0.0,0.023364485981308414,0.023364485981308414,0.09345794392523366,1.0,0.0,0.0,0.0
444.0,1.0,0.01736111111111111,0.011574074074074073,0.03472222222222222,0.005787037037037037,0.0,0.023364485981308414,0.023364485981308414,0.09345794392523366,0.0,0.0,1.0,0.0
447.0,0.0,0.01736111111111111,0.01736111111111111,0.028935185185185182,0.005787037037037037,0.0,0.023364485981308414,0.0,0.09345794392523366,0.0,0.0,1.0,0.0
450.0,0.0,0.023148148148148147,0.01736111111111111,0.028935185185185182,0.005787037037037037,0.0,0.04672897196261683,0.0,0.09345794392523366,0.0,0.0,1.0,0.0
453.0,0.0,0.023148148148148147,0.023148148148148147,0.023148148148148147,0.005787037037037037,0.0,0.023364485981308414,0.0,0.07009345794392524,0.0,0.0,1.0,0.0
456.0,1.0,0.023148148148148147,0.023148148148148147,0.01736111111111111,0.005787037037037037,0.023364485981308414,0.023364485981308414,0.0,0.07009345794392524,1.0,0.0,0.0,0.0
459.0,0.0,0.01736111111111111,0.023148148148148147,0.01736111111111111,0.005787037037037037,0.023364485981308414,0.0,0.0,0.07009345794392524,1.0,0.0,0.0,0.0
462.0,0.0,0.01736111111111111,0.023148148148148147,0.01736111111111111,0.005787037037037037,0.023364485981308414,0.0,0.0,0.07009345794392524,1.0,0.0,0.0,0.0
465.0,0.0,0.01736111111111111,0.023148148148148147,0.01736111111111111,0.005787037037037037,0.023364485981308414,0.0,0.0,0.04672897196261683,1.0,0.0,0.0,0.0
468.0,1.0,0.011574074074074073,0.023148148148148147,0.01736111111111111,0.005787037037037037,0.023364485981308414,0.0,0.0,0.07009345794392524,0.0,0.0,1.0,0.0
471.0,0.0,0.011574074074074073,0.023148148148148147,0.011574074074074073,0.005787037037037037,0.023364485981308414,0.0,0.0,0.023364485981308414,0.0,0.0,1.0,0.0
474.0,0.0,0.011574074074074073,0.023148148148148147,0.011574074074074073,0.011574074074074073,0.023364485981308414,0.023364485981308414,0.0,0.0,0.0,0.0,1.0,0.0
477.0,0.0,0.011574074074074073,0.023148148148148147,0.005787037037037037,0.011574074074074073,0.023364485981308414,0.023364485981308414,0.0,0.0,0.0,0.0,1.0,0.0
480.0,1.0,0.011574074074074073,0.023148148148148147,0.005787037037037037,0.011574074074074073,0.04672897196261683,0.04672897196261683,0.0,0.0,0.0,1.0,0.0,0.0
483.0,0.0,0.011574074074074073,0.01736111111111111,0.005787037037037037,0.011574074074074073,0.04672897196261683,0.023364485981308414,0.0,0.0,0.0,1.0,0.0,0.0
486.0,0.0,0.011574074074074073,0.01736111111111111,0.005787037037037037,0.011574074074074073,0.04672897196261683,0.0,0.0,0.0,0.0,1.0,0.0,0.0
489.0,0.0,0.01736111111111111,0.011574074074074073,0.005787037037037037,0.011574074074074073,0.04672897196261683,0.0,0.023364485981308414,0.0,0.0,1.0,0.0,0.0
492.0,1.0,0.01736111111111111,0.005787037037037037,0.005787037037037037,0.01736111111111111,0.04672897196261683,0.0,0.023364485981308414,0.023364485981308414,1.0,0.0,0.0,0.0
495.0,0.0,0.011574074074074073,0.011574074074074073,0.005787037037037037,0.01736111111111111,0.04672897196261683,0.0,0.04672897196261683,0.023364485981308414,1.0,0.0,0.0,0.0
498.0,0.0,0.011574074074074073,0.011574074074074073,0.005787037037037037,0.023148148148148147,0.04672897196261683,0.0,0.04672897196261683,0.023364485981308414,1.0,0.0,0.0,0.0
501.0,0.0,0.005787037037037037,0.01736111111111111,0.005787037037037037,0.023148148148148147,0.04672897196261683,0.0,0.04672897196261683,0.023364485981308414,1.0,0.0,0.0,0.0
504.0,1.0,0.005787037037037037,0.01736111111111111,0.005787037037037037,0.023148148148148147,0.023364485981308414,0.023364485981308414,0.023364485981308414,0.023364485981308414,0.0,0.0,0.0,1.0
507.0,0.0,0.011574074074074073,0.023148148148148147,0.005787037037037037,0.01736111111111111,0.0,0.023364485981308414,0.0,0.0,0.0,0.0,0.0,1.0
510.0,0.0,0.011574074074074073,0.023148148148148147,0.011574074074074073,0.023148148148148147,0.0,0.0,0.0,0.0,0.0,0.0,0.0,1.0
513.0,0.0,0.011574074074074073,0.023148148148148147,0.011574074074074073,0.01736111111111111,0.0,0.023364485981308414,0.0,0.0,0.0,0.0,0.0,1.0
516.0,1.0,0.011574074074074073,0.023148148148148147,0.01736111111111111,0.011574074074074073,0.0,0.04672897196261683,0.0,0.0,1.0,0.0,0.0,0.0
519.0,0.0,0.005787037037037037,0.023148148148148147,0.01736111111111111,0.011574074074074073,0.0,0.023364485981308414,0.023364485981308414,0.0,1.0,0.0,0.0,0.0
522.0,0.0,0.005787037037037037,0.023148148148148147,0.023148148148148147,0.011574074074074073,0.0,0.0,0.0,0.023364485981308414,1.0,0.0,0.0,0.0
525.0,0.0,0.005787037037037037,0.023148148148148147,0.028935185185185182,0.011574074074074073,0.0,0.0,0.0,0.023364485981308414,1.0,0.0,0.0,0.0
528.0,1.0,0.005787037037037037,0.023148148148148147,0.028935185185185182,0.01736111111111111,0.0,0.0,0.0,0.023364485981308414,0.0,1.0,0.0,0.0
531.0,0.0,0.005787037037037037,0.01736111111111111,0.03472222222222222,0.01736111111111111,0.0,0.0,0.0,0.023364485981308414,0.0,1.0,0.0,0.0
534.0,0.0,0.011574074074074073,0.01736111111111111,0.03472222222222222,0.01736111111111111,0.0,0.0,0.0,0.023364485981308414,0.0,1.0,0.0,0.0
537.0,0.0,0.011574074074074073,0.011574074074074073,0.03472222222222222,0.01736111111111111,0.0,0.0,0.023364485981308414,0.023364485981308414,0.0,1.0,0.0,0.0
540.0,1.0,0.011574074074074073,0.005787037037037037,0.03472222222222222,0.023148148148148147,0.0,0.0,0.04672897196261683,0.023364485981308414,0.0,0.0,1.0,0.0
543.0,0.0,0.01736111111111111,0.005787037037037037,0.028935185185185182,0.023148148148148147,0.0,0.0,0.023364485981308414,0.04672897196261683,0.0,0.0,1.0,0.0
546.0,0.0,0.01736111111111111,0.005787037037037037,0.023148148148148147,0.023148148148148147,0.0,0.0,0.0,0.04672897196261683,0.0,0.0,1.0,0.0
549.0,0.0,0.023148148148148147,0.011574074074074073,0.023148148148148147,0.028935185185185182,0.0,0.023364485981308414,0.0,0.07009345794392524,0.0,0.0,1.0,0.0
552.0,1.0,0.023148148148148147,0.01736111111111111,0.01736111111111111,0.03472222222222222,0.0,0.04672897196261683,0.0,0.07009345794392524,0.0,0.0,0.0,1.0
555.0,0.0,0.028935185185185182,0.01736111111111111,0.01736111111111111,0.028935185185185182,0.0,0.04672897196261683,0.0,0.07009345794392524,0.0,0.0,0.0,1.0
558.0,0.0,0.03472222222222222,0.023148148148148147,0.01736111111111111,0.028935185185185182,0.0,0.04672897196261683,0.0,0.07009345794392524,0.0,0.0,0.0,1.0
561.0,0.0,0.03472222222222222,0.023148148148148147,0.01736111111111111,0.023148148148148147,0.023364485981308414,0.04672897196261683,0.0,0.07009345794392524,0.0,0.0,0.0,1.0
564.0,1.0,0.03472222222222222,0.028935185185185182,0.01736111111111111,0.011574074074074073,0.023364485981308414,0.07009345794392524,0.0,0.07009345794392524,0.0,0.0,1.0,0.0
567.0,0.0,0.03472222222222222,0.028935185185185182,0.011574074074074073,0.011574074074074073,0.07009345794392524,0.07009345794392524,0.0,0.07009345794392524,0.0,0.0,1.0,0.0
570.0,0.0,0.04050925925925926,0.03472222222222222,0.01736111111111111,0.011574074074074073,0.07009345794392524,0.07009345794392524,0.0,0.07009345794392524,0.0,0.0,1.0,0.0
573.0,0.0,0.04050925925925926,0.03472222222222222,0.01736111111111111,0.01736111111111111,0.07009345794392524,0.07009345794392524,0.0,0.09345794392523366,0.0,0.0,1.0,0.0
576.0,1.0,0.046296296296296294,0.04050925925925926,0.011574074074074073,0.01736111111111111,0.09345794392523366,0.07009345794392524,0.0,0.09345794392523366,1.0,0.0,0.0,0.0
579.0,0.0,0.046296296296296294,0.04050925925925926,0.011574074074074073,0.023148148148148147,0.11682242990654207,0.07009345794392524,0.0,0.09345794392523366,1.0,0.0,0.0,0.0
582.0,0.0,0.046296296296296294,0.04050925925925926,0.011574074074074073,0.023148148148148147,0.11682242990654207,0.07009345794392524,0.0,0.09345794392523366,1.0,0.0,0.0,0.0
585.0,0.0,0.046296296296296294,0.04050925925925926,0.011574074074074073,0.023148148148148147,0.11682242990654207,0.07009345794392524,0.023364485981308414,0.09345794392523366,1.0,0.0,0.0,0.0
588.0,1.0,0.04050925925925926,0.04050925925925926,0.011574074074074073,0.023148148148148147,0.11682242990654207,0.09345794392523366,0.023364485981308414,0.11682242990654207,0.0,1.0,0.0,0.0
591.0,0.0,0.04050925925925926,0.04050925925925926,0.011574074074074073,0.023148148148148147,0.11682242990654207,0.09345794392523366,0.023364485981308414,0.11682242990654207,0.0,1.0,0.0,0.0
594.0,0.0,0.04050925925925926,0.04050925925925926,0.011574074074074073,0.023148148148148147,0.11682242990654207,0.09345794392523366,0.023364485981308414,0.11682242990654207,0.0,1.0,0.0,0.0
597.0,0.0,0.04050925925925926,0.04050925925925926,0.011574074074074073,0.023148148148148147,0.11682242990654207,0.09345794392523366,0.023364485981308414,0.11682242990654207,0.0,1.0,0.0,0.0
600.0,1.0,0.04050925925925926,0.04050925925925926,0.011574074074074073,0.023148148148148147,0.11682242990654207,0.09345794392523366,0.023364485981308414,0.11682242990654207,0.0,1.0,0.0,0.0
603.0,0.0,0.046296296296296294,0.04050925925925926,0.011574074074074073,0.023148148148148147,0.09345794392523366,0.07009345794392524,0.0,0.09345794392523366,0.0,1.0,0.0,0.0
606.0,0.0,0.046296296296296294,0.04050925925925926,0.01736111111111111,0.028935185185185182,0.09345794392523366,0.07009345794392524,0.0,0.09345794392523366,0.0,1.0,0.0,0.0
609.0,0.0,0.05208333333333333,0.03472222222222222,0.023148148148148147,0.028935185185185182,0.07009345794392524,0.04672897196261683,0.0,0.07009345794392524,0.0,1.0,0.0,0.0
612.0,1.0,0.05208333333333333,0.028935185185185182,0.023148148148148147,0.028935185185185182,0.07009345794392524,0.023364485981308414,0.0,0.04672897196261683,1.0,0.0,0.0,0.0
615.0,0.0,0.05208333333333333,0.028935185185185182,0.023148148148148147,0.03472222222222222,0.04672897196261683,0.0,0.0,0.04672897196261683,1.0,0.0,0.0,0.0
618.0,0.0,0.05208333333333333,0.028935185185185182,0.023148148148148147,0.03472222222222222,0.0,0.0,0.0,0.023364485981308414,1.0,0.0,0.0,0.0
621.0,0.0,0.05208333333333333,0.028935185185185182,0.023148148148148147,0.03472222222222222,0.0,0.0,0.0,0.023364485981308414,1.0,0.0,0.0,0.0
624.0,1.0,0.046296296296296294,0.028935185185185182,0.023148148148148147,0.04050925925925926,0.0,0.023364485981308414,0.0,0.023364485981308414,0.0,1.0,0.0,0.0
627.0,0.0,0.046296296296296294,0.023148148148148147,0.023148148148148147,0.04050925925925926,0.0,0.04672897196261683,0.0,0.0,0.0,1.0,0.0,0.0
630.0,0.0,0.046296296296296294,0.023148148148148147,0.023148148148148147,0.04050925925925926,0.0,0.023364485981308414,0.0,0.0,0.0,1.0,0.0,0.0
633.0,0.0,0.046296296296296294,0.01736111111111111,0.023148148148148147,0.04050925925925926,0.023364485981308414,0.0,0.0,0.023364485981308414,0.0,1.0,0.0,0.0
636.0,1.0,0.046296296296296294,0.011574074074074073,0.023148148148148147,0.04050925925925926,0.023364485981308414,0.0,0.0,0.023364485981308414,1.0,0.0,0.0,0.0
639.0,0.0,0.04050925925925926,0.011574074074074073,0.023148148148148147,0.04050925925925926,0.023364485981308414,0.0,0.0,0.023364485981308414,1.0,0.0,0.0,0.0
642.0,0.0,0.04050925925925926,0.011574074074074073,0.023148148148148147,0.04050925925925926,0.0,0.0,0.0,0.023364485981308414,1.0,0.0,0.0,0.0
645.0,0.0,0.03472222222222222,0.01736111111111111,0.023148148148148147,0.04050925925925926,0.0,0.023364485981308414,0.0,0.0,1.0,0.0,0.0,0.0
648.0,1.0,0.028935185185185182,0.01736111111111111,0.023148148148148147,0.04050925925925926,0.0,0.04672897196261683,0.0,0.0,0.0,0.0,0.0,1.0
651.0,0.0,0.028935185185185182,0.01736111111111111,0.023148148148148147,0.03472222222222222,0.0,0.023364485981308414,0.023364485981308414,0.0,0.0,0.0,0.0,1.0
654.0,0.0,0.03472222222222222,0.01736111111111111,0.023148148148148147,0.03472222222222222,0.0,0.0,0.023364485981308414,0.0,0.0,0.0,0.0,1.0
657.0,0.0,0.04050925925925926,0.023148148148148147,0.023148148148148147,0.028935185185185182,0.023364485981308414,0.0,0.023364485981308414,0.0,0.0,0.0,0.0,1.0
660.0,1.0,0.04050925925925926,0.023148148148148147,0.023148148148148147,0.028935185185185182,0.07009345794392524,0.0,0.023364485981308414,0.0,1.0,0.0,0.0,0.0
663.0,0.0,0.04050925925925926,0.023148148148148147,0.023148148148148147,0.028935185185185182,0.07009345794392524,0.023364485981308414,0.023364485981308414,0.0,1.0,0.0,0.0,0.0
666.0,0.0,0.04050925925925926,0.023148148148148147,0.023148148148148147,0.028935185185185182,0.07009345794392524,0.023364485981308414,0.023364485981308414,0.0,1.0,0.0,0.0,0.0
669.0,0.0,0.04050925925925926,0.023148148148148147,0.023148148148148147,0.028935185185185182,0.07009345794392524,0.0,0.04672897196261683,0.023364485981308414,1.0,0.0,0.0,0.0
672.0,1.0,0.04050925925925926,0.028935185185185182,0.023148148148148147,0.028935185185185182,0.07009345794392524,0.0,0.04672897196261683,0.023364485981308414,0.0,0.0,1.0,0.0
675.0,0.0,0.04050925925925926,0.028935185185185182,0.01736111111111111,0.028935185185185182,0.07009345794392524,0.023364485981308414,0.04672897196261683,0.023364485981308414,0.0,0.0,1.0,0.0
678.0,0.0,0.04050925925925926,0.028935185185185182,0.01736111111111111,0.03472222222222222,0.07009345794392524,0.023364485981308414,0.04672897196261683,0.0,0.0,0.0,1.0,0.0
681.0,0.0,0.04050925925925926,0.028935185185185182,0.011574074074074073,0.03472222222222222,0.07009345794392524,0.04672897196261683,0.04672897196261683,0.023364485981308414,0.0,0.0,1.0,0.0
684.0,1.0,0.046296296296296294,0.03472222222222222,0.005787037037037037,0.04050925925925926,0.07009345794392524,0.04672897196261683,0.04672897196261683,0.023364485981308414,1.0,0.0,0.0,0.0
687.0,0.0,0.04050925925925926,0.03472222222222222,0.005787037037037037,0.04050925925925926,0.09345794392523366,0.04672897196261683,0.04672897196261683,0.023364485981308414,1.0,0.0,0.0,0.0
690.0,0.0,0.04050925925925926,0.03472222222222222,0.005787037037037037,0.04050925925925926,0.09345794392523366,0.04672897196261683,0.04672897196261683,0.023364485981308414,1.0,0.0,0.0,0.0
693.0,0.0,0.03472222222222222,0.03472222222222222,0.005787037037037037,0.046296296296296294,0.09345794392523366,0.07009345794392524,0.04672897196261683,0.023364485981308414,1.0,0.0,0.0,0.0
696.0,1.0,0.028935185185185182,0.03472222222222222,0.005787037037037037,0.046296296296296294,0.09345794392523366,0.09345794392523366,0.04672897196261683,0.04672897196261683,0.0,0.0,0.0,1.0
699.0,0.0,0.028935185185185182,0.03472222222222222,0.011574074074074073,0.04050925925925926,0.09345794392523366,0.09345794392523366,0.04672897196261683,0.04672897196261683,0.0,0.0,0.0,1.0
702.0,0.0,0.028935185185185182,0.04050925925925926,0.011574074074074073,0.03472222222222222,0.07009345794392524,0.09345794392523366,0.023364485981308414,0.04672897196261683,0.0,0.0,0.0,1.0
705.0,0.0,0.028935185185185182,0.04050925925925926,0.01736111111111111,0.04050925925925926,0.07009345794392524,0.11682242990654207,0.04672897196261683,0.04672897196261683,0.0,0.0,0.0,1.0
708.0,1.0,0.028935185185185182,0.04050925925925926,0.023148148148148147,0.03472222222222222,0.04672897196261683,0.11682242990654207,0.04672897196261683,0.04672897196261683,0.0,1.0,0.0,0.0
711.0,0.0,0.03472222222222222,0.03472222222222222,0.023148148148148147,0.03472222222222222,0.023364485981308414,0.11682242990654207,0.023364485981308414,0.04672897196261683,0.0,1.0,0.0,0.0
714.0,0.0,0.03472222222222222,0.03472222222222222,0.028935185185185182,0.03472222222222222,0.0,0.11682242990654207,0.0,0.04672897196261683,0.0,1.0,0.0,0.0
717.0,0.0,0.03472222222222222,0.028935185185185182,0.028935185185185182,0.03472222222222222,0.0,0.11682242990654207,0.0,0.07009345794392524,0.0,1.0,0.0,0.0
720.0,1.0,0.03472222222222222,0.028935185185185182,0.03472222222222222,0.03472222222222222,0.0,0.11682242990654207,0.0,0.11682242990654207,0.0,0.0,0.0,1.0
723.0,0.0,0.03472222222222222,0.03472222222222222,0.04050925925925926,0.03472222222222222,0.0,0.11682242990654207,0.0,0.11682242990654207,0.0,0.0,0.0,1.0
726.0,0.0,0.04050925925925926,0.03472222222222222,0.04050925925925926,0.03472222222222222,0.0,0.11682242990654207,0.0,0.11682242990654207,0.0,0.0,0.0,1.0
729.0,0.0,0.04050925925925926,0.03472222222222222,0.04050925925925926,0.03472222222222222,0.0,0.11682242990654207,0.0,0.11682242990654207,0.0,0.0,0.0,1.0
732.0,1.0,0.04050925925925926,0.03472222222222222,0.04050925925925926,0.04050925925925926,0.0,0.11682242990654207,0.0,0.11682242990654207,0.0,0.0,0.0,1.0
735.0,0.0,0.04050925925925926,0.03472222222222222,0.04050925925925926,0.04050925925925926,0.0,0.11682242990654207,0.0,0.11682242990654207,0.0,0.0,0.0,1.0
738.0,0.0,0.04050925925925926,0.03472222222222222,0.04050925925925926,0.04050925925925926,0.0,0.11682242990654207,0.0,0.11682242990654207,0.0,0.0,0.0,1.0
741.0,0.0,0.04050925925925926,0.03472222222222222,0.04050925925925926,0.04050925925925926,0.0,0.11682242990654207,0.0,0.11682242990654207,0.0,0.0,0.0,1.0
744.0,1.0,0.046296296296296294,0.03472222222222222,0.04050925925925926,0.046296296296296294,0.0,0.11682242990654207,0.0,0.11682242990654207,0.0,0.0,0.0,1.0
747.0,0.0,0.046296296296296294,0.03472222222222222,0.04050925925925926,0.046296296296296294,0.0,0.11682242990654207,0.0,0.11682242990654207,0.0,0.0,0.0,1.0
750.0,0.0,0.046296296296296294,0.03472222222222222,0.04050925925925926,0.046296296296296294,0.0,0.11682242990654207,0.0,0.11682242990654207,0.0,0.0,0.0,1.0
753.0,0.0,0.046296296296296294,0.03472222222222222,0.04050925925925926,0.046296296296296294,0.0,0.09345794392523366,0.0,0.09345794392523366,0.0,0.0,0.0,1.0
756.0,1.0,0.046296296296296294,0.04050925925925926,0.04050925925925926,0.046296296296296294,0.0,0.09345794392523366,0.0,0.09345794392523366,1.0,0.0,0.0,0.0
759.0,0.0,0.04050925925925926,0.04050925925925926,0.04050925925925926,0.046296296296296294,0.0,0.07009345794392524,0.0,0.07009345794392524,1.0,0.0,0.0,0.0
762.0,0.0,0.046296296296296294,0.04050925925925926,0.04050925925925926,0.046296296296296294,0.0,0.04672897196261683,0.0,0.04672897196261683,1.0,0.0,0.0,0.0
765.0,0.0,0.04050925925925926,0.04050925925925926,0.04050925925925926,0.046296296296296294,0.0,0.0,0.023364485981308414,0.023364485981308414,1.0,0.0,0.0,0.0
768.0,1.0,0.04050925925925926,0.04050925925925926,0.04050925925925926,0.046296296296296294,0.0,0.0,0.04672897196261683,0.023364485981308414,0.0,0.0,0.0,1.0
771.0,0.0,0.04050925925925926,0.04050925925925926,0.04050925925925926,0.04050925925925926,0.0,0.0,0.04672897196261683,0.023364485981308414,0.0,0.0,0.0,1.0
774.0,0.0,0.04050925925925926,0.04050925925925926,0.04050925925925926,0.03472222222222222,0.0,0.0,0.04672897196261683,0.0,0.0,0.0,0.0,1.0
777.0,0.0,0.04050925925925926,0.04050925925925926,0.04050925925925926,0.03472222222222222,0.0,0.023364485981308414,0.04672897196261683,0.0,0.0,0.0,0.0,1.0
780.0,1.0,0.046296296296296294,0.04050925925925926,0.046296296296296294,0.03472222222222222,0.023364485981308414,0.023364485981308414,0.07009345794392524,0.0,0.0,0.0,1.0,0.0
783.0,0.0,0.046296296296296294,0.04050925925925926,0.04050925925925926,0.03472222222222222,0.023364485981308414,0.0,0.07009345794392524,0.0,0.0,0.0,1.0,0.0
786.0,0.0,0.05208333333333333,0.04050925925925926,0.046296296296296294,0.03472222222222222,0.023364485981308414,0.023364485981308414,0.07009345794392524,0.0,0.0,0.0,1.0,0.0
789.0,0.0,0.05208333333333333,0.04050925925925926,0.04050925925925926,0.03472222222222222,0.023364485981308414,0.023364485981308414,0.07009345794392524,0.0,0.0,0.0,1.0,0.0
792.0,1.0,0.05208333333333333,0.04050925925925926,0.03472222222222222,0.03472222222222222,0.04672897196261683,0.04672897196261683,0.07009345794392524,0.0,1.0,0.0,0.0,0.0
795.0,0.0,0.046296296296296294,0.04050925925925926,0.03472222222222222,0.04050925925925926,0.04672897196261683,0.023364485981308414,0.07009345794392524,0.0,1.0,0.0,0.0,0.0
798.0,0.0,0.046296296296296294,0.04050925925925926,0.03472222222222222,0.04050925925925926,0.04672897196261683,0.0,0.07009345794392524,0.0,1.0,0.0,0.0,0.0
801.0,0.0,0.04050925925925926,0.046296296296296294,0.03472222222222222,0.04050925925925926,0.04672897196261683,0.023364485981308414,0.07009345794392524,0.0,1.0,0.0,0.0,0.0
804.0,1.0,0.03472222222222222,0.046296296296296294,0.04050925925925926,0.046296296296296294,0.023364485981308414,0.023364485981308414,0.07009345794392524,0.0,0.0,1.0,0.0,0.0
807.0,0.0,0.03472222222222222,0.04050925925925926,0.04050925925925926,0.05208333333333333,0.0,0.0,0.07009345794392524,0.0,0.0,1.0,0.0,0.0
810.0,0.0,0.04050925925925926,0.03472222222222222,0.046296296296296294,0.05208333333333333,0.0,0.0,0.04672897196261683,0.0,0.0,1.0,0.0,0.0
813.0,0.0,0.04050925925925926,0.028935185185185182,0.05208333333333333,0.057870370370370364,0.0,0.0,0.023364485981308414,0.023364485981308414,0.0,1.0,0.0,0.0
816.0,1.0,0.04050925925925926,0.023148148148148147,0.05208333333333333,0.057870370370370364,0.0,0.0,0.023364485981308414,0.04672897196261683,0.0,0.0,0.0,1.0
819.0,0.0,0.04050925925925926,0.023148148148148147,0.05208333333333333,0.0636574074074074,0.0,0.0,0.04672897196261683,0.023364485981308414,0.0,0.0,0.0,1.0
822.0,0.0,0.04050925925925926,0.023148148148148147,0.05208333333333333,0.057870370370370364,0.0,0.0,0.023364485981308414,0.0,0.0,0.0,0.0,1.0
825.0,0.0,0.04050925925925926,0.023148148148148147,0.05208333333333333,0.057870370370370364,0.0,0.0,0.023364485981308414,0.0,0.0,0.0,0.0,1.0
828.0,1.0,0.04050925925925926,0.023148148148148147,0.05208333333333333,0.057870370370370364,0.023364485981308414,0.0,0.023364485981308414,0.0,0.0,0.0,1.0,0.0
831.0,0.0,0.046296296296296294,0.028935185185185182,0.046296296296296294,0.057870370370370364,0.023364485981308414,0.0,0.0,0.0,0.0,0.0,1.0,0.0
834.0,0.0,0.046296296296296294,0.03472222222222222,0.05208333333333333,0.0636574074074074,0.0,0.0,0.0,0.0,0.0,0.0,1.0,0.0
837.0,0.0,0.046296296296296294,0.03472222222222222,0.046296296296296294,0.0636574074074074,0.0,0.0,0.0,0.023364485981308414,0.0,0.0,1.0,0.0
840.0,1.0,0.046296296296296294,0.04050925925925926,0.046296296296296294,0.0636574074074074,0.023364485981308414,0.0,0.0,0.023364485981308414,1.0,0.0,0.0,0.0
843.0,0.0,0.04050925925925926,0.04050925925925926,0.046296296296296294,0.0636574074074074,0.04672897196261683,0.0,0.0,0.023364485981308414,1.0,0.0,0.0,0.0
846.0,0.0,0.04050925925925926,0.04050925925925926,0.05208333333333333,0.06944444444444443,0.023364485981308414,0.0,0.0,0.04672897196261683,1.0,0.0,0.0,0.0
849.0,0.0,0.03472222222222222,0.04050925925925926,0.057870370370370364,0.06944444444444443,0.0,0.0,0.0,0.04672897196261683,1.0,0.0,0.0,0.0
852.0,1.0,0.03472222222222222,0.04050925925925926,0.057870370370370364,0.06944444444444443,0.0,0.023364485981308414,0.0,0.04672897196261683,0.0,0.0,0.0,1.0
855.0,0.0,0.03472222222222222,0.046296296296296294,0.057870370370370364,0.0636574074074074,0.0,0.023364485981308414,0.023364485981308414,0.04672897196261683,0.0,0.0,0.0,1.0
858.0,0.0,0.03472222222222222,0.046296296296296294,0.057870370370370364,0.0636574074074074,0.0,0.023364485981308414,0.023364485981308414,0.04672897196261683,0.0,0.0,0.0,1.0
861.0,0.0,0.04050925925925926,0.046296296296296294,0.057870370370370364,0.057870370370370364,0.0,0.04672897196261683,0.023364485981308414,0.04672897196261683,0.0,0.0,0.0,1.0
864.0,1.0,0.04050925925925926,0.046296296296296294,0.0636574074074074,0.05208333333333333,0.023364485981308414,0.04672897196261683,0.023364485981308414,0.04672897196261683,0.0,0.0,1.0,0.0
867.0,0.0,0.04050925925925926,0.046296296296296294,0.057870370370370364,0.05208333333333333,0.04672897196261683,0.04672897196261683,0.023364485981308414,0.04672897196261683,0.0,0.0,1.0,0.0
870.0,0.0,0.04050925925925926,0.046296296296296294,0.05208333333333333,0.05208333333333333,0.04672897196261683,0.04672897196261683,0.023364485981308414,0.04672897196261683,0.0,0.0,1.0,0.0
873.0,0.0,0.04050925925925926,0.046296296296296294,0.05208333333333333,0.05208333333333333,0.07009345794392524,0.04672897196261683,0.023364485981308414,0.04672897196261683,0.0,0.0,1.0,0.0
876.0,1.0,0.04050925925925926,0.046296296296296294,0.05208333333333333,0.05208333333333333,0.11682242990654207,0.04672897196261683,0.023364485981308414,0.04672897196261683,0.0,1.0,0.0,0.0
879.0,0.0,0.04050925925925926,0.046296296296296294,0.05208333333333333,0.05208333333333333,0.11682242990654207,0.04672897196261683,0.023364485981308414,0.04672897196261683,0.0,1.0,0.0,0.0
882.0,0.0,0.04050925925925926,0.046296296296296294,0.05208333333333333,0.05208333333333333,0.11682242990654207,0.04672897196261683,0.023364485981308414,0.04672897196261683,0.0,1.0,0.0,0.0
885.0,0.0,0.04050925925925926,0.046296296296296294,0.05208333333333333,0.05208333333333333,0.11682242990654207,0.04672897196261683,0.023364485981308414,0.04672897196261683,0.0,1.0,0.0,0.0
888.0,1.0,0.04050925925925926,0.046296296296296294,0.05208333333333333,0.05208333333333333,0.11682242990654207,0.04672897196261683,0.023364485981308414,0.04672897196261683,0.0,0.0,0.0,1.0
891.0,0.0,0.04050925925925926,0.046296296296296294,0.05208333333333333,0.046296296296296294,0.11682242990654207,0.04672897196261683,0.023364485981308414,0.04672897196261683,0.0,0.0,0.0,1.0
894.0,0.0,0.04050925925925926,0.046296296296296294,0.05208333333333333,0.05208333333333333,0.11682242990654207,0.04672897196261683,0.04672897196261683,0.04672897196261683,0.0,0.0,0.0,1.0
897.0,0.0,0.046296296296296294,0.046296296296296294,0.05208333333333333,0.05208333333333333,0.11682242990654207,0.04672897196261683,0.07009345794392524,0.04672897196261683,0.0,0.0,0.0,1.0
900.0,1.0,0.046296296296296294,0.046296296296296294,0.05208333333333333,0.046296296296296294,0.11682242990654207,0.04672897196261683,0.09345794392523366,0.04672897196261683,0.0,0.0,1.0,0.0
903.0,0.0,0.046296296296296294,0.046296296296296294,0.046296296296296294,0.046296296296296294,0.09345794392523366,0.023364485981308414,0.07009345794392524,0.023364485981308414,0.0,0.0,1.0,0.0
906.0,0.0,0.046296296296296294,0.046296296296296294,0.04050925925925926,0.046296296296296294,0.09345794392523366,0.04672897196261683,0.07009345794392524,0.023364485981308414,0.0,0.0,1.0,0.0
909.0,0.0,0.05208333333333333,0.05208333333333333,0.04050925925925926,0.046296296296296294,0.07009345794392524,0.04672897196261683,0.04672897196261683,0.0,0.0,0.0,1.0,0.0
912.0,1.0,0.05208333333333333,0.05208333333333333,0.03472222222222222,0.046296296296296294,0.04672897196261683,0.04672897196261683,0.023364485981308414,0.0,0.0,1.0,0.0,0.0
915.0,0.0,0.05208333333333333,0.046296296296296294,0.03472222222222222,0.046296296296296294,0.023364485981308414,0.0,0.0,0.023364485981308414,0.0,1.0,0.0,0.0
918.0,0.0,0.05208333333333333,0.05208333333333333,0.04050925925925926,0.046296296296296294,0.023364485981308414,0.0,0.0,0.0,0.0,1.0,0.0,0.0
921.0,0.0,0.05208333333333333,0.046296296296296294,0.04050925925925926,0.046296296296296294,0.04672897196261683,0.0,0.0,0.0,0.0,1.0,0.0,0.0
924.0,1.0,0.05208333333333333,0.04050925925925926,0.04050925925925926,0.046296296296296294,0.04672897196261683,0.0,0.0,0.0,1.0,0.0,0.0,0.0
927.0,0.0,0.05208333333333333,0.04050925925925926,0.046296296296296294,0.046296296296296294,0.023364485981308414,0.0,0.0,0.023364485981308414,1.0,0.0,0.0,0.0
930.0,0.0,0.046296296296296294,0.04050925925925926,0.046296296296296294,0.046296296296296294,0.0,0.0,0.0,0.023364485981308414,1.0,0.0,0.0,0.0
933.0,0.0,0.046296296296296294,0.04050925925925926,0.046296296296296294,0.05208333333333333,0.0,0.023364485981308414,0.0,0.023364485981308414,1.0,0.0,0.0,0.0
936.0,1.0,0.04050925925925926,0.04050925925925926,0.046296296296296294,0.05208333333333333,0.0,0.023364485981308414,0.0,0.023364485981308414,0.0,0.0,0.0,1.0
939.0,0.0,0.046296296296296294,0.046296296296296294,0.046296296296296294,0.046296296296296294,0.0,0.023364485981308414,0.0,0.0,0.0,0.0,0.0,1.0
942.0,0.0,0.046296296296296294,0.046296296296296294,0.046296296296296294,0.046296296296296294,0.0,0.0,0.023364485981308414,0.0,0.0,0.0,0.0,1.0
945.0,0.0,0.05208333333333333,0.046296296296296294,0.046296296296296294,0.04050925925925926,0.0,0.0,0.023364485981308414,0.0,0.0,0.0,0.0,1.0
948.0,1.0,0.05208333333333333,0.046296296296296294,0.05208333333333333,0.03472222222222222,0.0,0.023364485981308414,0.023364485981308414,0.0,0.0,0.0,1.0,0.0
951.0,0.0,0.05208333333333333,0.046296296296296294,0.046296296296296294,0.03472222222222222,0.023364485981308414,0.023364485981308414,0.0,0.0,0.0,0.0,1.0,0.0
954.0,0.0,0.05208333333333333,0.046296296296296294,0.04050925925925926,0.03472222222222222,0.023364485981308414,0.023364485981308414,0.0,0.0,0.0,0.0,1.0,0.0
957.0,0.0,0.05208333333333333,0.046296296296296294,0.04050925925925926,0.03472222222222222,0.04672897196261683,0.023364485981308414,0.0,0.0,0.0,0.0,1.0,0.0
960.0,1.0,0.05208333333333333,0.046296296296296294,0.04050925925925926,0.03472222222222222,0.07009345794392524,0.023364485981308414,0.0,0.0,1.0,0.0,0.0,0.0
963.0,0.0,0.046296296296296294,0.046296296296296294,0.04050925925925926,0.04050925925925926,0.09345794392523366,0.0,0.0,0.0,1.0,0.0,0.0,0.0
966.0,0.0,0.04050925925925926,0.046296296296296294,0.046296296296296294,0.04050925925925926,0.09345794392523366,0.0,0.0,0.0,1.0,0.0,0.0,0.0
969.0,0.0,0.04050925925925926,0.046296296296296294,0.046296296296296294,0.046296296296296294,0.09345794392523366,0.0,0.023364485981308414,0.023364485981308414,1.0,0.0,0.0,0.0
972.0,1.0,0.028935185185185182,0.046296296296296294,0.046296296296296294,0.046296296296296294,0.09345794392523366,0.0,0.04672897196261683,0.023364485981308414,0.0,1.0,0.0,0.0
975.0,0.0,0.028935185185185182,0.04050925925925926,0.046296296296296294,0.046296296296296294,0.09345794392523366,0.023364485981308414,0.04672897196261683,0.0,0.0,1.0,0.0,0.0
978.0,0.0,0.028935185185185182,0.04050925925925926,0.046296296296296294,0.046296296296296294,0.11682242990654207,0.023364485981308414,0.04672897196261683,0.0,0.0,1.0,0.0,0.0
981.0,0.0,0.028935185185185182,0.03472222222222222,0.046296296296296294,0.046296296296296294,0.11682242990654207,0.023364485981308414,0.04672897196261683,0.0,0.0,1.0,0.0,0.0
984.0,1.0,0.028935185185185182,0.03472222222222222,0.046296296296296294,0.05208333333333333,0.11682242990654207,0.023364485981308414,0.04672897196261683,0.023364485981308414,1.0,0.0,0.0,0.0
987.0,0.0,0.023148148148148147,0.03472222222222222,0.046296296296296294,0.05208333333333333,0.11682242990654207,0.023364485981308414,0.04672897196261683,0.023364485981308414,1.0,0.0,0.0,0.0
990.0,0.0,0.023148148148148147,0.04050925925925926,0.046296296296296294,0.05208333333333333,0.11682242990654207,0.023364485981308414,0.04672897196261683,0.04672897196261683,1.0,0.0,0.0,0.0
993.0,0.0,0.01736111111111111,0.04050925925925926,0.05208333333333333,0.05208333333333333,0.11682242990654207,0.023364485981308414,0.04672897196261683,0.07009345794392524,1.0,0.0,0.0,0.0
996.0,1.0,0.011574074074074073,0.04050925925925926,0.05208333333333333,0.05208333333333333,0.11682242990654207,0.023364485981308414,0.04672897196261683,0.09345794392523366,0.0,0.0,1.0,0.0
999.0,0.0,0.011574074074074073,0.04050925925925926,0.057870370370370364,0.05208333333333333,0.11682242990654207,0.023364485981308414,0.04672897196261683,0.09345794392523366,0.0,0.0,1.0,0.0
1002.0,0.0,0.011574074074074073,0.04050925925925926,0.057870370370370364,0.05208333333333333,0.09345794392523366,0.023364485981308414,0.023364485981308414,0.09345794392523366,0.0,0.0,1.0,0.0
1005.0,0.0,0.011574074074074073,0.04050925925925926,0.0636574074074074,0.05208333333333333,0.09345794392523366,0.023364485981308414,0.023364485981308414,0.09345794392523366,0.0,0.0,1.0,0.0
1008.0,1.0,0.011574074074074073,0.046296296296296294,0.057870370370370364,0.057870370370370364,0.07009345794392524,0.023364485981308414,0.0,0.09345794392523366,0.0,0.0,0.0,1.0
1011.0,0.0,0.011574074074074073,0.046296296296296294,0.057870370370370364,0.05208333333333333,0.04672897196261683,0.023364485981308414,0.0,0.09345794392523366,0.0,0.0,0.0,1.0
1014.0,0.0,0.011574074074074073,0.05208333333333333,0.057870370370370364,0.05208333333333333,0.04672897196261683,0.023364485981308414,0.023364485981308414,0.09345794392523366,0.0,0.0,0.0,1.0
1017.0,0.0,0.01736111111111111,0.05208333333333333,0.0636574074074074,0.046296296296296294,0.023364485981308414,0.023364485981308414,0.023364485981308414,0.09345794392523366,0.0,0.0,0.0,1.0
1020.0,1.0,0.01736111111111111,0.05208333333333333,0.0636574074074074,0.04050925925925926,0.023364485981308414,0.023364485981308414,0.023364485981308414,0.09345794392523366,0.0,1.0,0.0,0.0
1023.0,0.0,0.023148148148148147,0.046296296296296294,0.0636574074074074,0.04050925925925926,0.04672897196261683,0.023364485981308414,0.0,0.09345794392523366,0.0,1.0,0.0,0.0
1026.0,0.0,0.023148148148148147,0.04050925925925926,0.0636574074074074,0.04050925925925926,0.023364485981308414,0.023364485981308414,0.0,0.09345794392523366,0.0,1.0,0.0,0.0
1029.0,0.0,0.028935185185185182,0.04050925925925926,0.0636574074074074,0.04050925925925926,0.023364485981308414,0.023364485981308414,0.0,0.09345794392523366,0.0,1.0,0.0,0.0
1032.0,1.0,0.028935185185185182,0.03472222222222222,0.0636574074074074,0.04050925925925926,0.04672897196261683,0.023364485981308414,0.0,0.11682242990654207,0.0,0.0,1.0,0.0
1035.0,0.0,0.028935185185185182,0.03472222222222222,0.057870370370370364,0.04050925925925926,0.023364485981308414,0.023364485981308414,0.0,0.11682242990654207,0.0,0.0,1.0,0.0
1038.0,0.0,0.028935185185185182,0.03472222222222222,0.057870370370370364,0.04050925925925926,0.0,0.04672897196261683,0.0,0.11682242990654207,0.0,0.0,1.0,0.0
1041.0,0.0,0.028935185185185182,0.03472222222222222,0.05208333333333333,0.04050925925925926,0.0,0.04672897196261683,0.0,0.11682242990654207,0.0,0.0,1.0,0.0
1044.0,1.0,0.028935185185185182,0.03472222222222222,0.046296296296296294,0.046296296296296294,0.023364485981308414,0.04672897196261683,0.0,0.11682242990654207,0.0,0.0,0.0,1.0
1047.0,0.0,0.028935185185185182,0.03472222222222222,0.046296296296296294,0.04050925925925926,0.04672897196261683,0.04672897196261683,0.0,0.11682242990654207,0.0,0.0,0.0,1.0
1050.0,0.0,0.03472222222222222,0.03472222222222222,0.046296296296296294,0.046296296296296294,0.0,0.04672897196261683,0.023364485981308414,0.11682242990654207,0.0,0.0,0.0,1.0
1053.0,0.0,0.03472222222222222,0.03472222222222222,0.046296296296296294,0.04050925925925926,0.0,0.023364485981308414,0.023364485981308414,0.09345794392523366,0.0,0.0,0.0,1.0
1056.0,1.0,0.03472222222222222,0.03472222222222222,0.05208333333333333,0.04050925925925926,0.023364485981308414,0.023364485981308414,0.04672897196261683,0.09345794392523366,0.0,0.0,1.0,0.0
1059.0,0.0,0.03472222222222222,0.03472222222222222,0.046296296296296294,0.04050925925925926,0.023364485981308414,0.0,0.04672897196261683,0.07009345794392524,0.0,0.0,1.0,0.0
1062.0,0.0,0.03472222222222222,0.03472222222222222,0.046296296296296294,0.046296296296296294,0.023364485981308414,0.0,0.04672897196261683,0.023364485981308414,0.0,0.0,1.0,0.0
1065.0,0.0,0.03472222222222222,0.03472222222222222,0.04050925925925926,0.046296296296296294,0.023364485981308414,0.0,0.04672897196261683,0.023364485981308414,0.0,0.0,1.0,0.0
1068.0,1.0,0.03472222222222222,0.03472222222222222,0.03472222222222222,0.05208333333333333,0.023364485981308414,0.023364485981308414,0.04672897196261683,0.04672897196261683,0.0,1.0,0.0,0.0
1071.0,0.0,0.03472222222222222,0.028935185185185182,0.03472222222222222,0.057870370370370364,0.023364485981308414,0.023364485981308414,0.04672897196261683,0.023364485981308414,0.0,1.0,0.0,0.0
1074.0,0.0,0.04050925925925926,0.023148148148148147,0.03472222222222222,0.057870370370370364,0.04672897196261683,0.0,0.04672897196261683,0.0,0.0,1.0,0.0,0.0
1077.0,0.0,0.04050925925925926,0.023148148148148147,0.04050925925925926,0.0636574074074074,0.04672897196261683,0.0,0.04672897196261683,0.0,0.0,1.0,0.0,0.0
1080.0,1.0,0.046296296296296294,0.01736111111111111,0.046296296296296294,0.0636574074074074,0.04672897196261683,0.0,0.07009345794392524,0.0,0.0,0.0,1.0,0.0
1083.0,0.0,0.046296296296296294,0.01736111111111111,0.04050925925925926,0.0636574074074074,0.04672897196261683,0.0,0.07009345794392524,0.023364485981308414,0.0,0.0,1.0,0.0
1086.0,0.0,0.046296296296296294,0.01736111111111111,0.04050925925925926,0.0636574074074074,0.04672897196261683,0.0,0.07009345794392524,0.023364485981308414,0.0,0.0,1.0,0.0
1089.0,0.0,0.046296296296296294,0.01736111111111111,0.04050925925925926,0.0636574074074074,0.07009345794392524,0.0,0.07009345794392524,0.0,0.0,0.0,1.0,0.0
1092.0,1.0,0.05208333333333333,0.01736111111111111,0.03472222222222222,0.0636574074074074,0.09345794392523366,0.0,0.07009345794392524,0.0,0.0,0.0,0.0,1.0
1095.0,0.0,0.057870370370370364,0.01736111111111111,0.03472222222222222,0.057870370370370364,0.09345794392523366,0.0,0.07009345794392524,0.023364485981308414,0.0,0.0,0.0,1.0
1098.0,0.0,0.057870370370370364,0.01736111111111111,0.03472222222222222,0.057870370370370364,0.09345794392523366,0.0,0.09345794392523366,0.0,0.0,0.0,0.0,1.0
1101.0,0.0,0.0636574074074074,0.01736111111111111,0.03472222222222222,0.05208333333333333,0.09345794392523366,0.0,0.11682242990654207,0.0,0.0,0.0,0.0,1.0
1104.0,1.0,0.0636574074074074,0.01736111111111111,0.03472222222222222,0.05208333333333333,0.07009345794392524,0.0,0.09345794392523366,0.0,1.0,0.0,0.0,0.0
1107.0,0.0,0.0636574074074074,0.01736111111111111,0.04050925925925926,0.05208333333333333,0.04672897196261683,0.0,0.07009345794392524,0.0,1.0,0.0,0.0,0.0
1110.0,0.0,0.057870370370370364,0.023148148148148147,0.04050925925925926,0.05208333333333333,0.023364485981308414,0.0,0.07009345794392524,0.023364485981308414,1.0,0.0,0.0,0.0
1113.0,0.0,0.057870370370370364,0.023148148148148147,0.04050925925925926,0.05208333333333333,0.0,0.0,0.04672897196261683,0.023364485981308414,1.0,0.0,0.0,0.0
1116.0,1.0,0.05208333333333333,0.023148148148148147,0.04050925925925926,0.05208333333333333,0.0,0.023364485981308414,0.0,0.04672897196261683,0.0,0.0,0.0,1.0
1119.0,0.0,0.05208333333333333,0.023148148148148147,0.04050925925925926,0.046296296296296294,0.0,0.0,0.0,0.023364485981308414,0.0,0.0,0.0,1.0
1122.0,0.0,0.05208333333333333,0.023148148148148147,0.04050925925925926,0.04050925925925926,0.0,0.0,0.023364485981308414,0.0,0.0,0.0,0.0,1.0
1125.0,0.0,0.057870370370370364,0.028935185185185182,0.046296296296296294,0.04050925925925926,0.0,0.0,0.023364485981308414,0.0,0.0,0.0,0.0,1.0
1128.0,1.0,0.057870370370370364,0.028935185185185182,0.046296296296296294,0.03472222222222222,0.0,0.023364485981308414,0.04672897196261683,0.0,1.0,0.0,0.0,0.0
1131.0,0.0,0.05208333333333333,0.028935185185185182,0.046296296296296294,0.03472222222222222,0.0,0.04672897196261683,0.023364485981308414,0.0,1.0,0.0,0.0,0.0
1134.0,0.0,0.05208333333333333,0.028935185185185182,0.046296296296296294,0.03472222222222222,0.0,0.04672897196261683,0.0,0.023364485981308414,1.0,0.0,0.0,0.0
1137.0,0.0,0.046296296296296294,0.028935185185185182,0.046296296296296294,0.04050925925925926,0.0,0.04672897196261683,0.0,0.023364485981308414,1.0,0.0,0.0,0.0
1140.0,1.0,0.04050925925925926,0.028935185185185182,0.046296296296296294,0.04050925925925926,0.0,0.07009345794392524,0.0,0.023364485981308414,0.0,0.0,1.0,0.0
1143.0,0.0,0.046296296296296294,0.028935185185185182,0.04050925925925926,0.04050925925925926,0.0,0.09345794392523366,0.0,0.023364485981308414,0.0,0.0,1.0,0.0
1146.0,0.0,0.046296296296296294,0.028935185185185182,0.04050925925925926,0.04050925925925926,0.0,0.09345794392523366,0.0,0.023364485981308414,0.0,0.0,1.0,0.0
1149.0,0.0,0.046296296296296294,0.028935185185185182,0.03472222222222222,0.04050925925925926,0.0,0.09345794392523366,0.0,0.04672897196261683,0.0,0.0,1.0,0.0
1152.0,1.0,0.046296296296296294,0.028935185185185182,0.028935185185185182,0.046296296296296294,0.0,0.09345794392523366,0.0,0.09345794392523366,1.0,0.0,0.0,0.0
1155.0,0.0,0.04050925925925926,0.028935185185185182,0.028935185185185182,0.046296296296296294,0.0,0.09345794392523366,0.0,0.09345794392523366,1.0,0.0,0.0,0.0
1158.0,0.0,0.046296296296296294,0.03472222222222222,0.028935185185185182,0.046296296296296294,0.0,0.09345794392523366,0.0,0.09345794392523366,1.0,0.0,0.0,0.0
1161.0,0.0,0.04050925925925926,0.03472222222222222,0.03472222222222222,0.046296296296296294,0.0,0.09345794392523366,0.023364485981308414,0.11682242990654207,1.0,0.0,0.0,0.0
1164.0,1.0,0.03472222222222222,0.03472222222222222,0.03472222222222222,0.046296296296296294,0.0,0.09345794392523366,0.023364485981308414,0.11682242990654207,0.0,0.0,0.0,1.0
1167.0,0.0,0.04050925925925926,0.03472222222222222,0.03472222222222222,0.046296296296296294,0.0,0.11682242990654207,0.023364485981308414,0.11682242990654207,0.0,0.0,0.0,1.0
1170.0,0.0,0.04050925925925926,0.03472222222222222,0.03472222222222222,0.046296296296296294,0.0,0.11682242990654207,0.023364485981308414,0.11682242990654207,0.0,0.0,0.0,1.0
1173.0,0.0,0.046296296296296294,0.03472222222222222,0.04050925925925926,0.046296296296296294,0.0,0.11682242990654207,0.023364485981308414,0.11682242990654207,0.0,0.0,0.0,1.0
1176.0,1.0,0.046296296296296294,0.03472222222222222,0.04050925925925926,0.05208333333333333,0.0,0.11682242990654207,0.023364485981308414,0.11682242990654207,0.0,0.0,0.0,1.0
1179.0,0.0,0.046296296296296294,0.03472222222222222,0.046296296296296294,0.05208333333333333,0.0,0.11682242990654207,0.023364485981308414,0.11682242990654207,0.0,0.0,0.0,1.0
1182.0,0.0,0.046296296296296294,0.03472222222222222,0.046296296296296294,0.057870370370370364,0.0,0.11682242990654207,0.023364485981308414,0.11682242990654207,0.0,0.0,0.0,1.0
1185.0,0.0,0.05208333333333333,0.03472222222222222,0.05208333333333333,0.057870370370370364,0.0,0.11682242990654207,0.023364485981308414,0.11682242990654207,0.0,0.0,0.0,1.0
1188.0,1.0,0.05208333333333333,0.03472222222222222,0.05208333333333333,0.057870370370370364,0.0,0.11682242990654207,0.023364485981308414,0.11682242990654207,0.0,0.0,0.0,1.0
1191.0,0.0,0.05208333333333333,0.03472222222222222,0.05208333333333333,0.057870370370370364,0.0,0.11682242990654207,0.023364485981308414,0.11682242990654207,0.0,0.0,0.0,1.0
1194.0,0.0,0.05208333333333333,0.03472222222222222,0.057870370370370364,0.057870370370370364,0.0,0.11682242990654207,0.023364485981308414,0.11682242990654207,0.0,0.0,0.0,1.0
1197.0,0.0,0.05208333333333333,0.04050925925925926,0.057870370370370364,0.057870370370370364,0.0,0.11682242990654207,0.023364485981308414,0.11682242990654207,0.0,0.0,0.0,1.0
1200.0,1.0,0.05208333333333333,0.04050925925925926,0.0636574074074074,0.057870370370370364,0.0,0.11682242990654207,0.023364485981308414,0.11682242990654207,0.0,0.0,0.0,1.0
1203.0,0.0,0.057870370370370364,0.04050925925925926,0.0636574074074074,0.057870370370370364,0.0,0.09345794392523366,0.0,0.09345794392523366,0.0,0.0,0.0,1.0
1206.0,0.0,0.057870370370370364,0.046296296296296294,0.0636574074074074,0.057870370370370364,0.0,0.09345794392523366,0.0,0.09345794392523366,0.0,0.0,0.0,1.0
1209.0,0.0,0.057870370370370364,0.046296296296296294,0.0636574074074074,0.05208333333333333,0.0,0.07009345794392524,0.0,0.07009345794392524,0.0,0.0,0.0,1.0
1212.0,1.0,0.057870370370370364,0.046296296296296294,0.0636574074074074,0.057870370370370364,0.0,0.04672897196261683,0.0,0.04672897196261683,1.0,0.0,0.0,0.0
1215.0,0.0,0.05208333333333333,0.046296296296296294,0.0636574074074074,0.057870370370370364,0.0,0.04672897196261683,0.0,0.0,1.0,0.0,0.0,0.0
1218.0,0.0,0.046296296296296294,0.046296296296296294,0.06944444444444443,0.0636574074074074,0.0,0.023364485981308414,0.0,0.0,1.0,0.0,0.0,0.0
1221.0,0.0,0.05208333333333333,0.046296296296296294,0.07523148148148148,0.0636574074074074,0.0,0.0,0.023364485981308414,0.0,1.0,0.0,0.0,0.0
1224.0,1.0,0.04050925925925926,0.046296296296296294,0.07523148148148148,0.0636574074074074,0.0,0.0,0.07009345794392524,0.0,0.0,0.0,1.0,0.0
1227.0,0.0,0.04050925925925926,0.046296296296296294,0.07523148148148148,0.0636574074074074,0.0,0.0,0.07009345794392524,0.0,0.0,0.0,1.0,0.0
1230.0,0.0,0.04050925925925926,0.05208333333333333,0.06944444444444443,0.0636574074074074,0.0,0.023364485981308414,0.023364485981308414,0.0,0.0,0.0,1.0,0.0
1233.0,0.0,0.04050925925925926,0.05208333333333333,0.0636574074074074,0.0636574074074074,0.023364485981308414,0.023364485981308414,0.0,0.0,0.0,0.0,1.0,0.0
1236.0,1.0,0.04050925925925926,0.057870370370370364,0.0636574074074074,0.0636574074074074,0.04672897196261683,0.023364485981308414,0.0,0.0,0.0,0.0,0.0,1.0
1239.0,0.0,0.04050925925925926,0.057870370370370364,0.0636574074074074,0.057870370370370364,0.023364485981308414,0.0,0.0,0.0,0.0,0.0,0.0,1.0
1242.0,0.0,0.04050925925925926,0.057870370370370364,0.0636574074074074,0.057870370370370364,0.0,0.0,0.0,0.0,0.0,0.0,0.0,1.0
1245.0,0.0,0.04050925925925926,0.0636574074074074,0.0636574074074074,0.05208333333333333,0.0,0.023364485981308414,0.0,0.0,0.0,0.0,0.0,1.0
1248.0,1.0,0.046296296296296294,0.0636574074074074,0.0636574074074074,0.046296296296296294,0.0,0.023364485981308414,0.023364485981308414,0.0,0.0,1.0,0.0,0.0
1251.0,0.0,0.05208333333333333,0.057870370370370364,0.0636574074074074,0.046296296296296294,0.0,0.023364485981308414,0.023364485981308414,0.0,0.0,1.0,0.0,0.0
1254.0,0.0,0.05208333333333333,0.057870370370370364,0.06944444444444443,0.046296296296296294,0.0,0.023364485981308414,0.023364485981308414,0.0,0.0,1.0,0.0,0.0
1257.0,0.0,0.05208333333333333,0.05208333333333333,0.06944444444444443,0.046296296296296294,0.023364485981308414,0.0,0.023364485981308414,0.023364485981308414,0.0,1.0,0.0,0.0
1260.0,1.0,0.05208333333333333,0.046296296296296294,0.07523148148148148,0.046296296296296294,0.023364485981308414,0.0,0.023364485981308414,0.023364485981308414,0.0,0.0,1.0,0.0
1263.0,0.0,0.057870370370370364,0.05208333333333333,0.06944444444444443,0.046296296296296294,0.023364485981308414,0.0,0.04672897196261683,0.0,0.0,0.0,1.0,0.0
1266.0,0.0,0.0636574074074074,0.05208333333333333,0.06944444444444443,0.046296296296296294,0.023364485981308414,0.023364485981308414,0.04672897196261683,0.0,0.0,0.0,1.0,0.0
1269.0,0.0,0.0636574074074074,0.05208333333333333,0.07523148148148148,0.046296296296296294,0.023364485981308414,0.023364485981308414,0.04672897196261683,0.0,0.0,0.0,1.0,0.0
1272.0,1.0,0.0636574074074074,0.05208333333333333,0.0636574074074074,0.05208333333333333,0.023364485981308414,0.023364485981308414,0.04672897196261683,0.023364485981308414,1.0,0.0,0.0,0.0
1275.0,0.0,0.057870370370370364,0.05208333333333333,0.0636574074074074,0.05208333333333333,0.07009345794392524,0.0,0.04672897196261683,0.0,1.0,0.0,0.0,0.0
1278.0,0.0,0.057870370370370364,0.05208333333333333,0.0636574074074074,0.05208333333333333,0.07009345794392524,0.0,0.04672897196261683,0.0,1.0,0.0,0.0,0.0
1281.0,0.0,0.05208333333333333,0.05208333333333333,0.0636574074074074,0.05208333333333333,0.07009345794392524,0.0,0.07009345794392524,0.023364485981308414,1.0,0.0,0.0,0.0
1284.0,1.0,0.046296296296296294,0.05208333333333333,0.0636574074074074,0.057870370370370364,0.07009345794392524,0.0,0.07009345794392524,0.04672897196261683,0.0,1.0,0.0,0.0
1287.0,0.0,0.046296296296296294,0.046296296296296294,0.0636574074074074,0.057870370370370364,0.07009345794392524,0.0,0.07009345794392524,0.04672897196261683,0.0,1.0,0.0,0.0
1290.0,0.0,0.046296296296296294,0.046296296296296294,0.0636574074074074,0.0636574074074074,0.07009345794392524,0.0,0.07009345794392524,0.04672897196261683,0.0,1.0,0.0,0.0
1293.0,0.0,0.046296296296296294,0.04050925925925926,0.0636574074074074,0.0636574074074074,0.07009345794392524,0.0,0.07009345794392524,0.07009345794392524,0.0,1.0,0.0,0.0
1296.0,1.0,0.05208333333333333,0.03472222222222222,0.0636574074074074,0.06944444444444443,0.07009345794392524,0.0,0.07009345794392524,0.09345794392523366,0.0,0.0,1.0,0.0
1299.0,0.0,0.057870370370370364,0.03472222222222222,0.057870370370370364,0.06944444444444443,0.07009345794392524,0.0,0.07009345794392524,0.11682242990654207,0.0,0.0,1.0,0.0
1302.0,0.0,0.057870370370370364,0.04050925925925926,0.057870370370370364,0.06944444444444443,0.04672897196261683,0.023364485981308414,0.04672897196261683,0.11682242990654207,0.0,0.0,1.0,0.0
1305.0,0.0,0.0636574074074074,0.04050925925925926,0.05208333333333333,0.06944444444444443,0.04672897196261683,0.023364485981308414,0.04672897196261683,0.11682242990654207,0.0,0.0,1.0,0.0
1308.0,1.0,0.0636574074074074,0.04050925925925926,0.046296296296296294,0.06944444444444443,0.04672897196261683,0.04672897196261683,0.023364485981308414,0.11682242990654207,0.0,0.0,0.0,1.0
1311.0,0.0,0.0636574074074074,0.04050925925925926,0.046296296296296294,0.0636574074074074,0.023364485981308414,0.04672897196261683,0.0,0.11682242990654207,0.0,0.0,0.0,1.0
1314.0,0.0,0.0636574074074074,0.04050925925925926,0.046296296296296294,0.0636574074074074,0.0,0.04672897196261683,0.0,0.11682242990654207,0.0,0.0,0.0,1.0
1317.0,0.0,0.0636574074074074,0.04050925925925926,0.046296296296296294,0.057870370370370364,0.0,0.07009345794392524,0.0,0.11682242990654207,0.0,0.0,0.0,1.0
1320.0,1.0,0.0636574074074074,0.04050925925925926,0.046296296296296294,0.05208333333333333,0.0,0.09345794392523366,0.0,0.11682242990654207,1.0,0.0,0.0,0.0
1323.0,0.0,0.0636574074074074,0.04050925925925926,0.05208333333333333,0.05208333333333333,0.0,0.11682242990654207,0.0,0.11682242990654207,1.0,0.0,0.0,0.0
1326.0,0.0,0.0636574074074074,0.046296296296296294,0.05208333333333333,0.05208333333333333,0.0,0.11682242990654207,0.0,0.11682242990654207,1.0,0.0,0.0,0.0
1329.0,0.0,0.0636574074074074,0.046296296296296294,0.05208333333333333,0.05208333333333333,0.0,0.11682242990654207,0.0,0.11682242990654207,1.0,0.0,0.0,0.0
1332.0,1.0,0.0636574074074074,0.046296296296296294,0.05208333333333333,0.05208333333333333,0.0,0.11682242990654207,0.0,0.11682242990654207,1.0,0.0,0.0,0.0
1335.0,0.0,0.0636574074074074,0.046296296296296294,0.05208333333333333,0.057870370370370364,0.0,0.11682242990654207,0.0,0.11682242990654207,1.0,0.0,0.0,0.0
1338.0,0.0,0.0636574074074074,0.05208333333333333,0.05208333333333333,0.057870370370370364,0.0,0.11682242990654207,0.0,0.11682242990654207,1.0,0.0,0.0,0.0
1341.0,0.0,0.0636574074074074,0.05208333333333333,0.05208333333333333,0.057870370370370364,0.0,0.11682242990654207,0.0,0.11682242990654207,1.0,0.0,0.0,0.0
1344.0,1.0,0.0636574074074074,0.05208333333333333,0.05208333333333333,0.057870370370370364,0.0,0.11682242990654207,0.0,0.11682242990654207,1.0,0.0,0.0,0.0
1347.0,0.0,0.0636574074074074,0.05208333333333333,0.05208333333333333,0.057870370370370364,0.0,0.11682242990654207,0.0,0.11682242990654207,1.0,0.0,0.0,0.0
1350.0,0.0,0.0636574074074074,0.05208333333333333,0.057870370370370364,0.057870370370370364,0.0,0.11682242990654207,0.0,0.11682242990654207,1.0,0.0,0.0,0.0
1353.0,0.0,0.0636574074074074,0.05208333333333333,0.057870370370370364,0.0636574074074074,0.0,0.09345794392523366,0.0,0.09345794392523366,1.0,0.0,0.0,0.0
1356.0,1.0,0.057870370370370364,0.05208333333333333,0.057870370370370364,0.0636574074074074,0.0,0.09345794392523366,0.0,0.09345794392523366,1.0,0.0,0.0,0.0
1359.0,0.0,0.057870370370370364,0.05208333333333333,0.057870370370370364,0.0636574074074074,0.0,0.07009345794392524,0.0,0.07009345794392524,1.0,0.0,0.0,0.0
1362.0,0.0,0.05208333333333333,0.05208333333333333,0.057870370370370364,0.06944444444444443,0.0,0.07009345794392524,0.0,0.04672897196261683,1.0,0.0,0.0,0.0
1365.0,0.0,0.046296296296296294,0.057870370370370364,0.057870370370370364,0.06944444444444443,0.0,0.04672897196261683,0.023364485981308414,0.023364485981308414,1.0,0.0,0.0,0.0
1368.0,1.0,0.04050925925925926,0.057870370370370364,0.057870370370370364,0.06944444444444443,0.0,0.023364485981308414,0.023364485981308414,0.023364485981308414,0.0,0.0,0.0,1.0
1371.0,0.0,0.046296296296296294,0.057870370370370364,0.057870370370370364,0.06944444444444443,0.0,0.0,0.023364485981308414,0.04672897196261683,0.0,0.0,0.0,1.0
1374.0,0.0,0.046296296296296294,0.057870370370370364,0.057870370370370364,0.0636574074074074,0.0,0.0,0.04672897196261683,0.023364485981308414,0.0,0.0,0.0,1.0
1377.0,0.0,0.046296296296296294,0.057870370370370364,0.057870370370370364,0.0636574074074074,0.0,0.0,0.07009345794392524,0.0,0.0,0.0,0.0,1.0
1380.0,1.0,0.05208333333333333,0.057870370370370364,0.057870370370370364,0.057870370370370364,0.0,0.0,0.09345794392523366,0.0,0.0,0.0,1.0,0.0
1383.0,0.0,0.05208333333333333,0.057870370370370364,0.05208333333333333,0.057870370370370364,0.0,0.0,0.09345794392523366,0.0,0.0,0.0,1.0,0.0
1386.0,0.0,0.05208333333333333,0.0636574074074074,0.046296296296296294,0.057870370370370364,0.0,0.023364485981308414,0.09345794392523366,0.0,0.0,0.0,1.0,0.0
1389.0,0.0,0.057870370370370364,0.0636574074074074,0.046296296296296294,0.057870370370370364,0.0,0.023364485981308414,0.09345794392523366,0.0,0.0,0.0,1.0,0.0
1392.0,1.0,0.057870370370370364,0.0636574074074074,0.03472222222222222,0.057870370370370364,0.023364485981308414,0.0,0.09345794392523366,0.023364485981308414,0.0,1.0,0.0,0.0
1395.0,0.0,0.057870370370370364,0.057870370370370364,0.03472222222222222,0.057870370370370364,0.04672897196261683,0.0,0.09345794392523366,0.023364485981308414,0.0,1.0,0.0,0.0
1398.0,0.0,0.057870370370370364,0.057870370370370364,0.03472222222222222,0.0636574074074074,0.04672897196261683,0.0,0.09345794392523366,0.0,0.0,1.0,0.0,0.0
1401.0,0.0,0.057870370370370364,0.057870370370370364,0.03472222222222222,0.0636574074074074,0.04672897196261683,0.0,0.09345794392523366,0.023364485981308414,0.0,1.0,0.0,0.0
1404.0,1.0,0.0636574074074074,0.05208333333333333,0.03472222222222222,0.0636574074074074,0.023364485981308414,0.0,0.09345794392523366,0.023364485981308414,0.0,0.0,0.0,1.0
1407.0,0.0,0.0636574074074074,0.05208333333333333,0.03472222222222222,0.057870370370370364,0.023364485981308414,0.0,0.07009345794392524,0.0,0.0,0.0,0.0,1.0
1410.0,0.0,0.06944444444444443,0.05208333333333333,0.04050925925925926,0.057870370370370364,0.023364485981308414,0.0,0.04672897196261683,0.0,0.0,0.0,0.0,1.0
1413.0,0.0,0.06944444444444443,0.057870370370370364,0.04050925925925926,0.057870370370370364,0.023364485981308414,0.0,0.04672897196261683,0.0,0.0,0.0,0.0,1.0
1416.0,1.0,0.06944444444444443,0.0636574074074074,0.04050925925925926,0.05208333333333333,0.04672897196261683,0.0,0.0,0.0,1.0,0.0,0.0,0.0
1419.0,0.0,0.0636574074074074,0.0636574074074074,0.046296296296296294,0.05208333333333333,0.023364485981308414,0.023364485981308414,0.0,0.0,1.0,0.0,0.0,0.0
1422.0,0.0,0.0636574074074074,0.06944444444444443,0.046296296296296294,0.05208333333333333,0.0,0.0,0.0,0.023364485981308414,1.0,0.0,0.0,0.0
1425.0,0.0,0.057870370370370364,0.06944444444444443,0.046296296296296294,0.05208333333333333,0.0,0.0,0.0,0.04672897196261683,1.0,0.0,0.0,0.0
1428.0,1.0,0.05208333333333333,0.07523148148148148,0.05208333333333333,0.05208333333333333,0.0,0.0,0.0,0.07009345794392524,0.0,1.0,0.0,0.0
1431.0,0.0,0.05208333333333333,0.06944444444444443,0.05208333333333333,0.05208333333333333,0.0,0.0,0.0,0.07009345794392524,0.0,1.0,0.0,0.0
1434.0,0.0,0.05208333333333333,0.0636574074074074,0.05208333333333333,0.05208333333333333,0.0,0.0,0.0,0.07009345794392524,0.0,1.0,0.0,0.0
1437.0,0.0,0.05208333333333333,0.057870370370370364,0.05208333333333333,0.057870370370370364,0.023364485981308414,0.0,0.023364485981308414,0.07009345794392524,0.0,1.0,0.0,0.0
1440.0,1.0,0.05208333333333333,0.05208333333333333,0.057870370370370364,0.057870370370370364,0.023364485981308414,0.0,0.04672897196261683,0.07009345794392524,0.0,0.0,0.0,1.0
1443.0,0.0,0.05208333333333333,0.05208333333333333,0.057870370370370364,0.05208333333333333,0.0,0.0,0.023364485981308414,0.09345794392523366,0.0,0.0,0.0,1.0
1446.0,0.0,0.05208333333333333,0.05208333333333333,0.057870370370370364,0.046296296296296294,0.0,0.0,0.0,0.09345794392523366,0.0,0.0,0.0,1.0
1449.0,0.0,0.05208333333333333,0.05208333333333333,0.057870370370370364,0.046296296296296294,0.0,0.023364485981308414,0.023364485981308414,0.09345794392523366,0.0,0.0,0.0,1.0
1452.0,1.0,0.05208333333333333,0.05208333333333333,0.057870370370370364,0.04050925925925926,0.0,0.04672897196261683,0.023364485981308414,0.09345794392523366,1.0,0.0,0.0,0.0
1455.0,0.0,0.046296296296296294,0.057870370370370364,0.0636574074074074,0.04050925925925926,0.0,0.04672897196261683,0.023364485981308414,0.09345794392523366,1.0,0.0,0.0,0.0
1458.0,0.0,0.046296296296296294,0.057870370370370364,0.0636574074074074,0.04050925925925926,0.0,0.04672897196261683,0.023364485981308414,0.09345794392523366,1.0,0.0,0.0,0.0
1461.0,0.0,0.04050925925925926,0.057870370370370364,0.0636574074074074,0.04050925925925926,0.0,0.04672897196261683,0.04672897196261683,0.09345794392523366,1.0,0.0,0.0,0.0
1464.0,1.0,0.03472222222222222,0.057870370370370364,0.0636574074074074,0.04050925925925926,0.0,0.07009345794392524,0.04672897196261683,0.11682242990654207,0.0,0.0,1.0,0.0
1467.0,0.0,0.03472222222222222,0.057870370370370364,0.0636574074074074,0.04050925925925926,0.0,0.07009345794392524,0.04672897196261683,0.11682242990654207,0.0,0.0,1.0,0.0
1470.0,0.0,0.03472222222222222,0.057870370370370364,0.0636574074074074,0.04050925925925926,0.0,0.07009345794392524,0.04672897196261683,0.11682242990654207,0.0,0.0,1.0,0.0
1473.0,0.0,0.03472222222222222,0.057870370370370364,0.0636574074074074,0.046296296296296294,0.0,0.07009345794392524,0.04672897196261683,0.11682242990654207,0.0,0.0,1.0,0.0
1476.0,1.0,0.03472222222222222,0.057870370370370364,0.0636574074074074,0.046296296296296294,0.0,0.07009345794392524,0.04672897196261683,0.11682242990654207,0.0,0.0,1.0,0.0
1479.0,0.0,0.03472222222222222,0.057870370370370364,0.0636574074074074,0.05208333333333333,0.0,0.07009345794392524,0.04672897196261683,0.11682242990654207,0.0,0.0,1.0,0.0
1482.0,0.0,0.04050925925925926,0.057870370370370364,0.06944444444444443,0.05208333333333333,0.0,0.07009345794392524,0.04672897196261683,0.11682242990654207,0.0,0.0,1.0,0.0
1485.0,0.0,0.04050925925925926,0.057870370370370364,0.06944444444444443,0.05208333333333333,0.0,0.07009345794392524,0.04672897196261683,0.11682242990654207,0.0,0.0,1.0,0.0
1488.0,1.0,0.04050925925925926,0.057870370370370364,0.06944444444444443,0.05208333333333333,0.0,0.07009345794392524,0.04672897196261683,0.11682242990654207,0.0,0.0,1.0,0.0
1491.0,0.0,0.046296296296296294,0.057870370370370364,0.06944444444444443,0.05208333333333333,0.0,0.07009345794392524,0.04672897196261683,0.11682242990654207,0.0,0.0,1.0,0.0
1494.0,0.0,0.046296296296296294,0.057870370370370364,0.06944444444444443,0.05208333333333333,0.0,0.07009345794392524,0.04672897196261683,0.11682242990654207,0.0,0.0,1.0,0.0
1497.0,0.0,0.046296296296296294,0.057870370370370364,0.06944444444444443,0.057870370370370364,0.0,0.07009345794392524,0.04672897196261683,0.11682242990654207,0.0,0.0,1.0,0.0
1500.0,1.0,0.046296296296296294,0.057870370370370364,0.07523148148148148,0.0636574074074074,0.0,0.07009345794392524,0.04672897196261683,0.11682242990654207,0.0,0.0,1.0,0.0
1503.0,0.0,0.046296296296296294,0.057870370370370364,0.07523148148148148,0.0636574074074074,0.0,0.04672897196261683,0.023364485981308414,0.09345794392523366,0.0,0.0,1.0,0.0
1506.0,0.0,0.046296296296296294,0.057870370370370364,0.07523148148148148,0.06944444444444443,0.0,0.04672897196261683,0.0,0.09345794392523366,0.0,0.0,1.0,0.0
1509.0,0.0,0.046296296296296294,0.057870370370370364,0.06944444444444443,0.06944444444444443,0.0,0.023364485981308414,0.0,0.07009345794392524,0.0,0.0,1.0,0.0
1512.0,1.0,0.046296296296296294,0.057870370370370364,0.0636574074074074,0.06944444444444443,0.0,0.0,0.0,0.07009345794392524,0.0,1.0,0.0,0.0
1515.0,0.0,0.046296296296296294,0.057870370370370364,0.0636574074074074,0.06944444444444443,0.0,0.0,0.0,0.04672897196261683,0.0,1.0,0.0,0.0
1518.0,0.0,0.046296296296296294,0.05208333333333333,0.0636574074074074,0.06944444444444443,0.023364485981308414,0.0,0.0,0.023364485981308414,0.0,1.0,0.0,0.0
1521.0,0.0,0.046296296296296294,0.046296296296296294,0.0636574074074074,0.06944444444444443,0.04672897196261683,0.0,0.0,0.0,0.0,1.0,0.0,0.0
1524.0,1.0,0.046296296296296294,0.046296296296296294,0.0636574074074074,0.06944444444444443,0.04672897196261683,0.0,0.0,0.0,0.0,0.0,0.0,1.0
1527.0,0.0,0.046296296296296294,0.05208333333333333,0.0636574074074074,0.0636574074074074,0.04672897196261683,0.0,0.0,0.0,0.0,0.0,0.0,1.0
1530.0,0.0,0.046296296296296294,0.05208333333333333,0.0636574074074074,0.0636574074074074,0.0,0.0,0.0,0.0,0.0,0.0,0.0,1.0
1533.0,0.0,0.046296296296296294,0.05208333333333333,0.0636574074074074,0.057870370370370364,0.0,0.023364485981308414,0.0,0.0,0.0,0.0,0.0,1.0
1536.0,1.0,0.046296296296296294,0.05208333333333333,0.06944444444444443,0.05208333333333333,0.0,0.04672897196261683,0.0,0.0,0.0,0.0,1.0,0.0
1539.0,0.0,0.046296296296296294,0.05208333333333333,0.0636574074074074,0.05208333333333333,0.023364485981308414,0.023364485981308414,0.0,0.0,0.0,0.0,1.0,0.0
1542.0,0.0,0.046296296296296294,0.05208333333333333,0.0636574074074074,0.05208333333333333,0.0,0.0,0.0,0.0,0.0,0.0,1.0,0.0
1545.0,0.0,0.046296296296296294,0.05208333333333333,0.057870370370370364,0.05208333333333333,0.0,0.0,0.0,0.023364485981308414,0.0,0.0,1.0,0.0
1548.0,1.0,0.046296296296296294,0.05208333333333333,0.057870370370370364,0.057870370370370364,0.0,0.023364485981308414,0.0,0.04672897196261683,0.0,1.0,0.0,0.0
1551.0,0.0,0.046296296296296294,0.046296296296296294,0.057870370370370364,0.0636574074074074,0.0,0.023364485981308414,0.0,0.023364485981308414,0.0,1.0,0.0,0.0
1554.0,0.0,0.046296296296296294,0.046296296296296294,0.0636574074074074,0.0636574074074074,0.0,0.0,0.0,0.0,0.0,1.0,0.0,0.0
1557.0,0.0,0.05208333333333333,0.04050925925925926,0.0636574074074074,0.0636574074074074,0.023364485981308414,0.0,0.023364485981308414,0.0,0.0,1.0,0.0,0.0
1560.0,1.0,0.05208333333333333,0.03472222222222222,0.06944444444444443,0.06944444444444443,0.023364485981308414,0.0,0.023364485981308414,0.0,0.0,0.0,0.0,1.0
1563.0,0.0,0.05208333333333333,0.03472222222222222,0.06944444444444443,0.0636574074074074,0.023364485981308414,0.0,0.04672897196261683,0.0,0.0,0.0,0.0,1.0
1566.0,0.0,0.057870370370370364,0.04050925925925926,0.07523148148148148,0.0636574074074074,0.023364485981308414,0.0,0.04672897196261683,0.0,0.0,0.0,0.0,1.0
1569.0,0.0,0.057870370370370364,0.04050925925925926,0.07523148148148148,0.057870370370370364,0.04672897196261683,0.0,0.07009345794392524,0.0,0.0,0.0,0.0,1.0
1572.0,1.0,0.057870370370370364,0.04050925925925926,0.07523148148148148,0.05208333333333333,0.04672897196261683,0.0,0.07009345794392524,0.0,0.0,0.0,1.0,0.0
1575.0,0.0,0.057870370370370364,0.04050925925925926,0.06944444444444443,0.05208333333333333,0.07009345794392524,0.0,0.07009345794392524,0.0,0.0,0.0,1.0,0.0
1578.0,0.0,0.0636574074074074,0.04050925925925926,0.06944444444444443,0.05208333333333333,0.07009345794392524,0.023364485981308414,0.07009345794392524,0.0,0.0,0.0,1.0,0.0
1581.0,0.0,0.0636574074074074,0.04050925925925926,0.0636574074074074,0.05208333333333333,0.07009345794392524,0.023364485981308414,0.07009345794392524,0.0,0.0,0.0,1.0,0.0
1584.0,1.0,0.0636574074074074,0.04050925925925926,0.05208333333333333,0.05208333333333333,0.09345794392523366,0.04672897196261683,0.07009345794392524,0.0,1.0,0.0,0.0,0.0
1587.0,0.0,0.0636574074074074,0.04050925925925926,0.057870370370370364,0.05208333333333333,0.09345794392523366,0.04672897196261683,0.07009345794392524,0.023364485981308414,1.0,0.0,0.0,0.0
1590.0,0.0,0.0636574074074074,0.046296296296296294,0.057870370370370364,0.05208333333333333,0.09345794392523366,0.04672897196261683,0.07009345794392524,0.023364485981308414,1.0,0.0,0.0,0.0
1593.0,0.0,0.0636574074074074,0.046296296296296294,0.0636574074074074,0.057870370370370364,0.09345794392523366,0.04672897196261683,0.07009345794392524,0.04672897196261683,1.0,0.0,0.0,0.0
1596.0,1.0,0.057870370370370364,0.046296296296296294,0.0636574074074074,0.057870370370370364,0.09345794392523366,0.04672897196261683,0.07009345794392524,0.07009345794392524,0.0,0.0,0.0,1.0
1599.0,0.0,0.057870370370370364,0.046296296296296294,0.06944444444444443,0.05208333333333333,0.09345794392523366,0.04672897196261683,0.07009345794392524,0.07009345794392524,0.0,0.0,0.0,1.0
1602.0,0.0,0.057870370370370364,0.046296296296296294,0.06944444444444443,0.05208333333333333,0.07009345794392524,0.04672897196261683,0.04672897196261683,0.07009345794392524,0.0,0.0,0.0,1.0
1605.0,0.0,0.0636574074074074,0.046296296296296294,0.06944444444444443,0.05208333333333333,0.07009345794392524,0.07009345794392524,0.04672897196261683,0.07009345794392524,0.0,0.0,0.0,1.0
1608.0,1.0,0.06944444444444443,0.046296296296296294,0.06944444444444443,0.046296296296296294,0.07009345794392524,0.07009345794392524,0.023364485981308414,0.07009345794392524,0.0,0.0,1.0,0.0
1611.0,0.0,0.06944444444444443,0.046296296296296294,0.0636574074074074,0.046296296296296294,0.07009345794392524,0.07009345794392524,0.0,0.07009345794392524,0.0,0.0,1.0,0.0
1614.0,0.0,0.07523148148148148,0.046296296296296294,0.0636574074074074,0.046296296296296294,0.023364485981308414,0.07009345794392524,0.0,0.07009345794392524,0.0,0.0,1.0,0.0
1617.0,0.0,0.07523148148148148,0.046296296296296294,0.057870370370370364,0.046296296296296294,0.023364485981308414,0.07009345794392524,0.0,0.07009345794392524,0.0,0.0,1.0,0.0
1620.0,1.0,0.07523148148148148,0.046296296296296294,0.057870370370370364,0.046296296296296294,0.04672897196261683,0.09345794392523366,0.0,0.07009345794392524,1.0,0.0,0.0,0.0
1623.0,0.0,0.06944444444444443,0.046296296296296294,0.057870370370370364,0.046296296296296294,0.023364485981308414,0.09345794392523366,0.0,0.07009345794392524,1.0,0.0,0.0,0.0
1626.0,0.0,0.0636574074074074,0.046296296296296294,0.0636574074074074,0.046296296296296294,0.0,0.09345794392523366,0.0,0.09345794392523366,1.0,0.0,0.0,0.0
1629.0,0.0,0.0636574074074074,0.046296296296296294,0.0636574074074074,0.046296296296296294,0.0,0.09345794392523366,0.0,0.09345794392523366,1.0,0.0,0.0,0.0
1632.0,1.0,0.057870370370370364,0.046296296296296294,0.06944444444444443,0.05208333333333333,0.0,0.09345794392523366,0.023364485981308414,0.09345794392523366,0.0,1.0,0.0,0.0
1635.0,0.0,0.057870370370370364,0.04050925925925926,0.07523148148148148,0.057870370370370364,0.0,0.11682242990654207,0.023364485981308414,0.09345794392523366,0.0,1.0,0.0,0.0
1638.0,0.0,0.057870370370370364,0.03472222222222222,0.07523148148148148,0.057870370370370364,0.0,0.11682242990654207,0.0,0.09345794392523366,0.0,1.0,0.0,0.0
1641.0,0.0,0.057870370370370364,0.03472222222222222,0.07523148148148148,0.0636574074074074,0.0,0.11682242990654207,0.023364485981308414,0.09345794392523366,0.0,1.0,0.0,0.0
1644.0,1.0,0.057870370370370364,0.023148148148148147,0.07523148148148148,0.0636574074074074,0.0,0.11682242990654207,0.04672897196261683,0.09345794392523366,0.0,0.0,1.0,0.0
1647.0,0.0,0.057870370370370364,0.023148148148148147,0.07523148148148148,0.0636574074074074,0.0,0.11682242990654207,0.04672897196261683,0.11682242990654207,0.0,0.0,1.0,0.0
1650.0,0.0,0.057870370370370364,0.023148148148148147,0.07523148148148148,0.0636574074074074,0.0,0.11682242990654207,0.023364485981308414,0.11682242990654207,0.0,0.0,1.0,0.0
1653.0,0.0,0.057870370370370364,0.023148148148148147,0.08101851851851852,0.0636574074074074,0.023364485981308414,0.09345794392523366,0.023364485981308414,0.09345794392523366,0.0,0.0,1.0,0.0
1656.0,1.0,0.057870370370370364,0.023148148148148147,0.08101851851851852,0.0636574074074074,0.023364485981308414,0.09345794392523366,0.023364485981308414,0.07009345794392524,1.0,0.0,0.0,0.0
1659.0,0.0,0.05208333333333333,0.023148148148148147,0.08101851851851852,0.0636574074074074,0.023364485981308414,0.07009345794392524,0.023364485981308414,0.07009345794392524,1.0,0.0,0.0,0.0
1662.0,0.0,0.046296296296296294,0.023148148148148147,0.08680555555555555,0.0636574074074074,0.023364485981308414,0.04672897196261683,0.023364485981308414,0.04672897196261683,1.0,0.0,0.0,0.0
1665.0,0.0,0.046296296296296294,0.028935185185185182,0.08680555555555555,0.0636574074074074,0.023364485981308414,0.023364485981308414,0.04672897196261683,0.023364485981308414,1.0,0.0,0.0,0.0
1668.0,1.0,0.03472222222222222,0.028935185185185182,0.08680555555555555,0.0636574074074074,0.023364485981308414,0.0,0.07009345794392524,0.023364485981308414,0.0,0.0,0.0,1.0
1671.0,0.0,0.03472222222222222,0.028935185185185182,0.08680555555555555,0.057870370370370364,0.023364485981308414,0.023364485981308414,0.07009345794392524,0.023364485981308414,0.0,0.0,0.0,1.0
1674.0,0.0,0.03472222222222222,0.028935185185185182,0.08680555555555555,0.057870370370370364,0.023364485981308414,0.023364485981308414,0.07009345794392524,0.0,0.0,0.0,0.0,1.0
1677.0,0.0,0.03472222222222222,0.03472222222222222,0.08680555555555555,0.05208333333333333,0.04672897196261683,0.0,0.07009345794392524,0.0,0.0,0.0,0.0,1.0
1680.0,1.0,0.04050925925925926,0.03472222222222222,0.08680555555555555,0.046296296296296294,0.07009345794392524,0.0,0.07009345794392524,0.0,0.0,0.0,1.0,0.0
1683.0,0.0,0.04050925925925926,0.03472222222222222,0.08101851851851852,0.046296296296296294,0.07009345794392524,0.023364485981308414,0.07009345794392524,0.0,0.0,0.0,1.0,0.0
1686.0,0.0,0.04050925925925926,0.03472222222222222,0.08101851851851852,0.046296296296296294,0.07009345794392524,0.0,0.07009345794392524,0.0,0.0,0.0,1.0,0.0
1689.0,0.0,0.04050925925925926,0.03472222222222222,0.08680555555555555,0.046296296296296294,0.07009345794392524,0.0,0.07009345794392524,0.023364485981308414,0.0,0.0,1.0,0.0
1692.0,1.0,0.04050925925925926,0.03472222222222222,0.08101851851851852,0.046296296296296294,0.07009345794392524,0.0,0.07009345794392524,0.04672897196261683,1.0,0.0,0.0,0.0
1695.0,0.0,0.03472222222222222,0.03472222222222222,0.08680555555555555,0.046296296296296294,0.09345794392523366,0.0,0.07009345794392524,0.023364485981308414,1.0,0.0,0.0,0.0
1698.0,0.0,0.03472222222222222,0.03472222222222222,0.08680555555555555,0.046296296296296294,0.09345794392523366,0.0,0.07009345794392524,0.0,1.0,0.0,0.0,0.0
1701.0,0.0,0.028935185185185182,0.03472222222222222,0.09259259259259259,0.046296296296296294,0.09345794392523366,0.023364485981308414,0.07009345794392524,0.0,1.0,0.0,0.0,0.0
1704.0,1.0,0.028935185185185182,0.03472222222222222,0.09259259259259259,0.046296296296296294,0.07009345794392524,0.023364485981308414,0.07009345794392524,0.0,0.0,0.0,0.0,1.0
1707.0,0.0,0.028935185185185182,0.03472222222222222,0.09259259259259259,0.046296296296296294,0.04672897196261683,0.0,0.07009345794392524,0.0,0.0,0.0,0.0,1.0
1710.0,0.0,0.028935185185185182,0.04050925925925926,0.09259259259259259,0.046296296296296294,0.023364485981308414,0.0,0.04672897196261683,0.0,0.0,0.0,0.0,1.0
1713.0,0.0,0.028935185185185182,0.04050925925925926,0.09259259259259259,0.04050925925925926,0.023364485981308414,0.0,0.023364485981308414,0.0,0.0,0.0,0.0,1.0
1716.0,1.0,0.03472222222222222,0.046296296296296294,0.09259259259259259,0.03472222222222222,0.023364485981308414,0.023364485981308414,0.0,0.0,0.0,0.0,1.0,0.0
1719.0,0.0,0.03472222222222222,0.046296296296296294,0.09259259259259259,0.03472222222222222,0.023364485981308414,0.023364485981308414,0.0,0.0,0.0,0.0,1.0,0.0
1722.0,0.0,0.03472222222222222,0.046296296296296294,0.09259259259259259,0.03472222222222222,0.023364485981308414,0.0,0.0,0.0,0.0,0.0,1.0,0.0
1725.0,0.0,0.03472222222222222,0.046296296296296294,0.09259259259259259,0.03472222222222222,0.0,0.0,0.0,0.023364485981308414,0.0,0.0,1.0,0.0
1728.0,1.0,0.03472222222222222,0.046296296296296294,0.08680555555555555,0.03472222222222222,0.023364485981308414,0.0,0.0,0.023364485981308414,0.0,1.0,0.0,0.0
1731.0,0.0,0.03472222222222222,0.04050925925925926,0.09259259259259259,0.03472222222222222,0.023364485981308414,0.0,0.0,0.04672897196261683,0.0,1.0,0.0,0.0
1734.0,0.0,0.03472222222222222,0.03472222222222222,0.09259259259259259,0.03472222222222222,0.023364485981308414,0.0,0.0,0.04672897196261683,0.0,1.0,0.0,0.0
1737.0,0.0,0.03472222222222222,0.03472222222222222,0.09259259259259259,0.03472222222222222,0.023364485981308414,0.0,0.0,0.04672897196261683,0.0,1.0,0.0,0.0
1740.0,1.0,0.03472222222222222,0.028935185185185182,0.09259259259259259,0.03472222222222222,0.04672897196261683,0.0,0.0,0.07009345794392524,0.0,0.0,1.0,0.0
1743.0,0.0,0.03472222222222222,0.028935185185185182,0.08680555555555555,0.03472222222222222,0.023364485981308414,0.0,0.023364485981308414,0.07009345794392524,0.0,0.0,1.0,0.0
1746.0,0.0,0.03472222222222222,0.028935185185185182,0.08680555555555555,0.03472222222222222,0.0,0.0,0.023364485981308414,0.07009345794392524,0.0,0.0,1.0,0.0
1749.0,0.0,0.04050925925925926,0.028935185185185182,0.08680555555555555,0.03472222222222222,0.023364485981308414,0.0,0.0,0.07009345794392524,0.0,0.0,1.0,0.0
1752.0,1.0,0.04050925925925926,0.028935185185185182,0.08101851851851852,0.03472222222222222,0.04672897196261683,0.0,0.0,0.07009345794392524,0.0,0.0,0.0,1.0
1755.0,0.0,0.04050925925925926,0.028935185185185182,0.08101851851851852,0.028935185185185182,0.04672897196261683,0.0,0.0,0.09345794392523366,0.0,0.0,0.0,1.0
1758.0,0.0,0.04050925925925926,0.028935185185185182,0.08101851851851852,0.028935185185185182,0.04672897196261683,0.0,0.0,0.09345794392523366,0.0,0.0,0.0,1.0
1761.0,0.0,0.04050925925925926,0.028935185185185182,0.08101851851851852,0.023148148148148147,0.04672897196261683,0.023364485981308414,0.023364485981308414,0.09345794392523366,0.0,0.0,0.0,1.0
1764.0,1.0,0.04050925925925926,0.028935185185185182,0.08101851851851852,0.023148148148148147,0.04672897196261683,0.023364485981308414,0.04672897196261683,0.09345794392523366,0.0,0.0,1.0,0.0
1767.0,0.0,0.04050925925925926,0.028935185185185182,0.07523148148148148,0.023148148148148147,0.04672897196261683,0.023364485981308414,0.04672897196261683,0.09345794392523366,0.0,0.0,1.0,0.0
1770.0,0.0,0.04050925925925926,0.028935185185185182,0.06944444444444443,0.028935185185185182,0.04672897196261683,0.023364485981308414,0.04672897196261683,0.09345794392523366,0.0,0.0,1.0,0.0
1773.0,0.0,0.04050925925925926,0.028935185185185182,0.06944444444444443,0.028935185185185182,0.07009345794392524,0.023364485981308414,0.04672897196261683,0.11682242990654207,0.0,0.0,1.0,0.0
1776.0,1.0,0.046296296296296294,0.028935185185185182,0.0636574074074074,0.03472222222222222,0.07009345794392524,0.023364485981308414,0.04672897196261683,0.11682242990654207,1.0,0.0,0.0,0.0
1779.0,0.0,0.046296296296296294,0.028935185185185182,0.06944444444444443,0.03472222222222222,0.09345794392523366,0.023364485981308414,0.04672897196261683,0.11682242990654207,1.0,0.0,0.0,0.0
1782.0,0.0,0.046296296296296294,0.028935185185185182,0.06944444444444443,0.03472222222222222,0.09345794392523366,0.023364485981308414,0.04672897196261683,0.11682242990654207,1.0,0.0,0.0,0.0
1785.0,0.0,0.05208333333333333,0.028935185185185182,0.06944444444444443,0.03472222222222222,0.09345794392523366,0.023364485981308414,0.04672897196261683,0.11682242990654207,1.0,0.0,0.0,0.0
1788.0,1.0,0.057870370370370364,0.028935185185185182,0.06944444444444443,0.03472222222222222,0.09345794392523366,0.023364485981308414,0.04672897196261683,0.11682242990654207,1.0,0.0,0.0,0.0
1791.0,0.0,0.057870370370370364,0.028935185185185182,0.06944444444444443,0.03472222222222222,0.09345794392523366,0.023364485981308414,0.04672897196261683,0.11682242990654207,1.0,0.0,0.0,0.0
1794.0,0.0,0.057870370370370364,0.028935185185185182,0.07523148148148148,0.03472222222222222,0.09345794392523366,0.023364485981308414,0.04672897196261683,0.11682242990654207,1.0,0.0,0.0,0.0
1797.0,0.0,0.0636574074074074,0.03472222222222222,0.07523148148148148,0.03472222222222222,0.09345794392523366,0.023364485981308414,0.04672897196261683,0.11682242990654207,1.0,0.0,0.0,0.0
1800.0,1.0,0.0636574074074074,0.03472222222222222,0.07523148148148148,0.03472222222222222,0.09345794392523366,0.023364485981308414,0.04672897196261683,0.11682242990654207,0.0,0.0,1.0,0.0
